"film_id","film_title","category","inventory_count","total_rental","total_revenue","customer_count","last_rental_date","average_rental_duration"
1,"Academy Dinosaur","Documentary","7","21","33.79","21","2005-08-23 01:01:01","4 days 23:39:48"
2,"Ace Goldfinger","Horror","3","7","52.93","7","2006-02-14 15:16:03","5 days 15:25:30"
3,"Adaptation Holes","Documentary","4","11","34.89","11","2005-08-23 13:54:39","3 days 14:38:27.272727"
4,"Affair Prejudice","Horror","7","21","83.79","20","2006-02-14 15:16:03","4 days 16:00:03"
5,"African Egg","Family","3","11","47.89","11","2006-02-14 15:16:03","6 days 26:19:42"
6,"Agent Truman","Foreign","6","19","111.81","19","2005-08-21 16:03:01","5 days 17:08:56.842105"
7,"Airplane Sierra","Comedy","5","15","82.85","15","2005-08-22 17:18:05","3 days 37:58:04"
8,"Airport Pollock","Horror","4","15","86.85","15","2005-08-23 20:24:36","5 days 07:30:32"
9,"Alabama Devil","Horror","5","12","71.88","12","2005-08-23 14:26:51","5 days 13:46:00"
10,"Aladdin Calendar","Sports","7","23","131.77","23","2005-08-21 20:49:21","4 days 19:10:54.782609"
11,"Alamo Videotape","Foreign","7","22","30.78","21","2005-08-22 04:04:31","4 days 18:35:54.545454"
12,"Alaska Phantom","Music","7","23","37.77","22","2005-08-23 06:11:52","4 days 28:54:07.826087"
13,"Ali Forever","Horror","4","9","54.91","9","2006-02-14 15:16:03","4 days 15:04:30"
15,"Alien Center","Foreign","6","20","84.80","20","2005-08-23 19:21:22","4 days 27:31:27"
16,"Alley Evolution","Foreign","4","13","46.87","13","2005-08-22 07:10:26","4 days 29:27:09.23077"
17,"Alone Trip","Music","6","17","61.83","17","2006-02-14 15:16:03","4 days 36:39:11.25"
18,"Alter Victory","Animation","6","20","30.80","20","2005-08-23 03:44:51","4 days 18:53:27"
19,"Amadeus Holy","Action","6","20","32.80","20","2006-02-14 15:16:03","4 days 26:54:44.210527"
20,"Amelie Hellfighters","Music","3","10","67.90","10","2005-08-23 12:07:51","4 days 20:55:12"
21,"American Circus","Action","6","19","146.81","19","2006-02-14 15:16:03","5 days 16:10:30"
22,"Amistad Midsummer","New","7","21","70.79","21","2006-02-14 15:16:03","4 days 13:49:51"
23,"Anaconda Confessions","Animation","5","18","51.82","18","2005-08-20 21:21:08","4 days 10:04:43.333333"
24,"Analyze Hoosiers","Horror","4","14","55.86","14","2005-08-22 17:58:27","5 days 15:22:55.714286"
25,"Angels Life","New","6","20","103.80","19","2005-08-23 13:46:00","4 days 25:35:42"
26,"Annie Identity","Sci-Fi","5","19","50.81","19","2005-08-23 03:30:51","3 days 29:23:18.947369"
27,"Anonymous Human","Sports","4","13","17.87","13","2005-08-20 00:18:15","4 days 20:27:36.923077"
28,"Anthem Luke","Comedy","3","11","63.89","11","2005-08-22 22:37:34","4 days 15:15:05.454546"
29,"Antitrust Tomatoes","Action","2","7","27.93","7","2005-08-21 01:31:25","5 days 06:17:34.285714"
30,"Anything Savannah","Horror","2","8","43.92","8","2005-08-22 02:09:12","5 days 26:46:30"
31,"Apache Divine","Family","8","28","160.72","28","2005-08-23 15:10:42","3 days 32:44:12.857143"
32,"Apocalypse Flamingos","New","2","5","24.95","5","2005-08-23 03:50:48","3 days 17:47:12"
34,"Arabia Dogma","Horror","4","12","21.88","12","2005-08-20 07:47:05","3 days 36:05:55"
35,"Arachnophobia Rollercoaster","Horror","7","23","109.77","23","2005-08-22 23:26:32","4 days 36:05:36.521739"
37,"Arizona Bang","Classics","7","21","104.79","21","2005-08-23 05:08:58","3 days 36:16:25.714285"
39,"Armageddon Lost","Sci-Fi","7","20","41.80","20","2006-02-14 15:16:03","4 days 24:43:18.947369"
40,"Army Flintstones","Documentary","4","14","36.86","14","2005-08-22 18:27:33","4 days 22:37:42.857142"
42,"Artist Coldblooded","Sports","4","14","59.86","14","2005-08-22 19:44:53","4 days 33:28:30"
43,"Atlantis Cause","Family","7","21","75.79","21","2005-08-19 06:38:59","4 days 15:53:05.714286"
44,"Attacks Hate","Sci-Fi","5","16","101.84","16","2005-08-23 04:48:12","5 days 18:01:30"
45,"Attraction Newton","New","6","22","133.78","22","2005-08-21 23:00:02","3 days 33:23:40.90909"
46,"Autumn Crow","Games","3","10","74.90","10","2005-08-21 22:25:53","4 days 22:03:42"
47,"Baby Hall","Foreign","2","7","40.93","7","2005-08-22 03:47:39","4 days 21:16:51.428571"
48,"Backlash Undefeated","Children","4","16","140.84","16","2005-08-23 15:15:02","6 days 15:56:22.5"
49,"Badman Dawn","Sci-Fi","6","21","76.79","20","2005-08-23 15:23:50","4 days 13:07:11.428572"
50,"Baked Cleopatra","Family","5","15","76.85","15","2006-02-14 15:16:03","4 days 20:41:34.285715"
51,"Balloon Homeward","Music","6","22","91.78","22","2005-08-23 00:56:27","4 days 34:36:38.181818"
52,"Ballroom Mockingbird","Foreign","2","7","9.93","7","2005-08-22 15:42:57","4 days 24:25:42.857142"
53,"Bang Kwai","Family","2","7","22.93","7","2006-02-14 15:16:03","4 days 13:33:20"
54,"Banger Pinocchio","Music","5","20","40.80","20","2005-08-23 21:01:09","4 days 20:14:12"
55,"Barbarella Streetcar","Sci-Fi","6","22","84.78","22","2005-08-23 20:45:53","5 days 14:56:10.909091"
56,"Barefoot Manchurian","Action","5","17","59.83","17","2005-08-23 19:45:25","4 days 19:10:10.588235"
57,"Basic Easy","Travel","7","20","87.80","20","2006-02-14 15:16:03","4 days 16:43:15.789474"
58,"Beach Heartbreakers","Documentary","4","14","55.86","14","2005-08-23 15:29:17","4 days 33:16:00"
59,"Bear Graceland","Children","5","19","93.81","19","2005-08-23 11:56:22","4 days 36:06:28.421053"
60,"Beast Hunchback","Classics","3","10","69.90","10","2005-08-22 19:28:02","3 days 33:47:12"
61,"Beauty Grease","Drama","6","21","125.79","21","2005-08-23 21:34:33","4 days 16:46:22.857143"
62,"Bed Highball","Documentary","2","6","24.94","6","2005-08-18 17:34:11","4 days 37:52:10"
63,"Bedazzled Married","Family","4","12","14.88","11","2005-08-23 20:44:36","3 days 22:36:05"
64,"Beethoven Exorcist","Drama","3","11","16.89","11","2005-08-20 21:21:34","4 days 18:23:10.909091"
65,"Behavior Runaway","Horror","4","11","87.89","11","2005-08-22 06:46:03","5 days 14:02:00"
66,"Beneath Rush","Children","3","10","16.90","10","2005-08-20 09:21:08","3 days 35:08:18"
67,"Berets Agent","Action","6","19","72.80","19","2006-02-14 15:16:03","4 days 12:48:10"
68,"Betrayed Rear","Children","4","13","79.87","13","2005-08-21 04:29:11","4 days 22:03:27.692308"
69,"Beverly Outlaw","Sci-Fi","8","21","115.79","21","2005-08-23 15:19:15","4 days 30:03:28.571429"
70,"Bikini Borrowers","Animation","4","14","79.86","14","2005-08-22 20:03:46","5 days 19:10:25.714286"
71,"Bilko Anonymous","Family","4","12","94.88","12","2005-08-23 14:55:47","4 days 32:30:40"
72,"Bill Others","Documentary","6","18","63.82","18","2005-08-23 19:50:06","4 days 18:27:30"
73,"Bingo Talented","Sci-Fi","8","25","119.75","24","2005-08-22 22:30:50","5 days 22:30:04.8"
74,"Birch Antitrust","Music","5","11","74.89","11","2005-08-23 10:56:15","4 days 36:39:16.363636"
75,"Bird Independence","Travel","3","9","53.91","9","2005-08-23 22:13:04","5 days 20:31:46.666667"
76,"Birdcage Casper","Music","3","9","23.91","8","2005-08-20 08:27:30","4 days 30:57:00"
77,"Birds Perdition","New","6","17","102.83","17","2005-08-23 10:36:00","3 days 34:46:03.529412"
78,"Blackout Private","Animation","7","23","78.77","23","2005-08-23 01:39:10","3 days 24:04:39.130435"
79,"Blade Polish","Drama","6","20","29.81","20","2006-02-14 15:16:03","3 days 23:39:25.263158"
80,"Blanket Beverly","Family","4","10","33.90","10","2006-02-14 15:16:03","6 days 07:50:53.333333"
81,"Blindness Gun","Sci-Fi","4","13","71.87","13","2005-08-23 09:41:28","5 days 10:19:41.538462"
82,"Blood Argonauts","Family","2","7","30.93","7","2005-08-22 00:51:25","5 days 29:08:00"
83,"Blues Instinct","Family","5","18","75.82","18","2005-08-23 11:25:00","4 days 21:27:46.666667"
84,"Boiled Dares","Travel","4","13","66.87","12","2005-08-21 04:30:47","3 days 29:58:13.846154"
85,"Bonnie Holocaust","Documentary","4","15","31.85","15","2005-08-21 07:59:47","3 days 31:03:40"
86,"Boogie Amelie","Music","8","25","140.74","24","2006-02-14 15:16:03","4 days 13:56:22.5"
88,"Born Spinal","Travel","4","12","59.88","12","2005-08-23 13:45:44","3 days 27:29:00"
89,"Borrowers Bedazzled","Animation","6","20","25.80","20","2005-08-23 17:42:42","5 days 19:03:42"
90,"Boulevard Mob","New","6","16","56.84","16","2006-02-14 15:16:03","5 days 16:26:48"
91,"Bound Cheaper","Classics","8","24","50.76","24","2006-02-14 15:16:03","4 days 31:33:28.695652"
92,"Bowfinger Gables","Horror","4","11","56.89","11","2005-08-19 10:49:03","2 days 27:05:38.181818"
93,"Brannigan Sunrise","New","3","9","56.91","9","2005-08-23 16:24:24","4 days 16:09:13.333333"
94,"Braveheart Human","Family","2","5","16.95","5","2005-08-20 16:05:11","3 days 24:28:36"
95,"Breakfast Goldfinger","New","5","16","104.84","15","2005-08-23 18:59:33","4 days 37:36:33.75"
96,"Breaking Home","New","3","10","41.90","10","2005-08-19 10:15:19","3 days 34:12:36"
97,"Bride Intrigue","Action","6","18","20.82","18","2005-08-23 20:29:10","4 days 17:12:26.666667"
98,"Bright Encounters","Drama","3","12","87.88","12","2005-08-22 05:16:16","5 days 15:31:55"
99,"Bringing Hysterical","Comedy","6","19","68.81","19","2005-08-23 07:53:38","5 days 25:09:25.263158"
100,"Brooklyn Desert","Foreign","6","19","106.81","19","2005-08-22 03:20:26","5 days 14:19:06.315789"
101,"Brotherhood Blanket","Documentary","6","23","98.77","23","2005-08-22 22:57:25","5 days 27:58:39.130435"
102,"Bubble Grosse","Sports","2","6","35.94","6","2006-02-14 15:16:03","3 days 34:20:24"
103,"Bucket Brotherhood","Travel","8","28","150.72","27","2005-08-23 21:49:22","4 days 26:45:42.857142"
104,"Bugsy Song","Foreign","3","9","45.91","9","2005-08-21 16:03:27","4 days 34:11:26.666667"
105,"Bull Shawshank","Action","5","16","21.84","16","2006-02-14 15:16:03","4 days 17:32:32"
106,"Bulworth Commandments","Games","2","7","32.93","7","2005-08-22 19:17:24","5 days 05:11:17.142857"
107,"Bunch Minds","Drama","2","5","25.95","5","2005-08-21 16:05:11","5 days 12:35:12"
109,"Butterfly Chocolat","New","8","26","108.74","25","2005-08-22 20:47:48","5 days 24:03:43.846154"
110,"Cabin Flash","Children","4","14","39.86","14","2005-08-21 15:57:25","5 days 14:49:04.285714"
111,"Caddyshack Jedi","Action","4","14","46.86","11","2005-08-23 14:27:07","4 days 19:24:47.142858"
112,"Calendar Gunfight","Foreign","7","18","123.82","18","2005-08-23 00:49:24","4 days 30:25:13.333333"
113,"California Birds","Sports","4","11","73.89","11","2005-08-23 12:46:38","4 days 27:16:54.545454"
114,"Camelot Vacation","Sci-Fi","7","24","93.76","24","2006-02-14 15:16:03","5 days 16:49:54.782608"
115,"Campus Remember","Action","7","17","81.83","16","2005-08-22 19:46:36","5 days 27:21:42.352941"
116,"Candidate Perdition","Classics","6","17","88.82","16","2006-02-14 15:16:03","5 days 20:56:22.5"
117,"Candles Grapes","Games","6","20","111.80","20","2005-08-22 06:49:29","4 days 20:57:00"
118,"Canyon Stock","Animation","6","19","27.81","19","2006-02-14 15:16:03","4 days 20:48:40"
119,"Caper Motions","Comedy","7","23","37.77","23","2005-08-23 22:18:51","4 days 15:20:54.782609"
120,"Caribbean Liberty","Sports","3","8","66.92","7","2005-08-23 00:05:57","5 days 29:49:30"
121,"Carol Texas","Animation","6","17","79.83","17","2005-08-23 11:55:50","4 days 28:07:38.823529"
122,"Carrie Bunch","Horror","7","23","34.77","23","2005-08-23 21:17:17","4 days 18:21:20.869566"
123,"Casablanca Super","Travel","5","16","82.84","16","2005-08-23 01:16:55","3 days 32:07:30"
124,"Casper Dragonfly","Children","3","7","45.93","7","2005-08-21 20:01:34","3 days 28:13:42.857143"
125,"Cassidy Wyoming","Travel","2","6","23.94","6","2005-08-23 19:14:07","5 days 10:17:40"
126,"Casualties Encino","Action","3","8","61.92","8","2005-08-21 14:47:09","5 days 17:39:30"
127,"Cat Coneheads","Comedy","8","27","159.73","26","2006-02-14 15:16:03","4 days 21:02:34.615385"
129,"Cause Date","Documentary","6","19","114.81","19","2005-08-23 16:23:08","5 days 13:40:25.263158"
130,"Celebrity Horn","Action","6","21","28.79","21","2005-08-23 14:59:51","4 days 31:38:51.428572"
131,"Center Dinosaur","Classics","6","21","121.79","19","2006-02-14 15:16:03","3 days 27:24:45"
132,"Chainsaw Uptown","Sci-Fi","6","19","31.81","19","2005-08-23 15:37:31","4 days 20:30:22.105263"
133,"Chamber Italian","Music","4","13","65.88","13","2006-02-14 15:16:03","6 days 15:36:10"
134,"Champion Flatliners","Animation","3","10","62.90","10","2005-08-23 16:44:25","3 days 34:33:54"
135,"Chance Resurrection","Sports","7","24","124.76","24","2005-08-23 16:30:55","4 days 24:44:57.5"
136,"Chaplin License","New","3","8","23.92","8","2005-08-20 16:02:28","3 days 30:00:45"
137,"Charade Duffel","Sci-Fi","4","13","66.87","13","2005-08-23 22:20:40","4 days 18:16:50.76923"
138,"Chariots Conspiracy","Sci-Fi","5","19","65.81","19","2005-08-22 06:17:12","3 days 25:44:12.631579"
139,"Chasing Fight","Family","6","19","105.82","19","2006-02-14 15:16:03","5 days 20:30:43.333333"
140,"Cheaper Clyde","Sci-Fi","5","17","30.83","17","2005-08-22 20:17:49","4 days 35:46:49.411765"
141,"Chicago North","Games","5","15","84.85","15","2005-08-21 22:12:45","5 days 11:58:48"
142,"Chicken Hellfighters","Documentary","5","19","58.81","19","2005-08-23 22:06:34","4 days 14:31:12.631579"
143,"Chill Luck","Drama","7","21","29.79","21","2005-08-23 21:27:11","4 days 18:06:45.714286"
145,"Chisum Behavior","Family","3","10","50.90","10","2005-08-20 08:57:28","3 days 18:19:30"
146,"Chitty Lock","Drama","3","8","28.92","8","2006-02-14 15:16:03","4 days 27:57:51.428572"
147,"Chocolat Harry","Family","6","19","49.81","19","2005-08-20 09:07:39","5 days 14:30:06.315789"
149,"Christmas Moonshine","Children","6","19","26.81","19","2005-08-22 11:56:02","4 days 36:10:03.157895"
150,"Cider Desire","Documentary","6","17","56.83","17","2005-08-23 11:16:16","5 days 10:54:31.764706"
151,"Cincinatti Whisperer","Sci-Fi","4","11","71.89","11","2006-02-14 15:16:03","5 days 31:24:30"
152,"Circus Youth","Children","4","14","53.86","14","2005-08-23 12:41:07","4 days 20:39:30"
153,"Citizen Shrek","Sci-Fi","4","13","21.87","13","2005-08-23 09:09:18","4 days 26:52:46.153847"
154,"Clash Freddy","Animation","7","23","77.77","23","2005-08-23 18:49:32","4 days 21:53:36.521739"
155,"Cleopatra Devil","New","5","16","27.85","16","2006-02-14 15:16:03","5 days 22:50:28"
156,"Clerks Angels","Documentary","2","6","45.94","6","2005-08-21 04:49:48","5 days 16:48:10"
157,"Clockwork Paradise","Children","3","10","11.90","10","2005-08-23 05:26:30","4 days 25:43:12"
158,"Clones Pinocchio","Music","5","17","59.83","16","2005-08-22 05:53:52","4 days 21:26:49.411765"
159,"Closer Bang","Comedy","7","24","152.76","24","2005-08-22 21:28:59","4 days 34:19:55"
160,"Club Graffiti","Animation","5","17","38.82","17","2006-02-14 15:16:03","4 days 12:20:48"
161,"Clue Grail","Music","2","7","40.93","7","2005-08-18 22:11:37","5 days 07:17:34.285714"
162,"Clueless Bucket","Action","7","23","105.77","23","2005-08-23 10:25:45","4 days 19:40:52.173913"
163,"Clyde Theory","New","3","8","23.92","8","2005-08-23 17:49:26","5 days 10:47:30"
164,"Coast Rainbow","Documentary","5","18","37.82","18","2005-08-23 10:00:24","3 days 32:53:46.666667"
165,"Coldblooded Darling","Sci-Fi","5","16","89.84","15","2005-08-23 05:39:06","5 days 16:54:52.5"
166,"Color Philadelphia","Classics","6","22","87.78","22","2005-08-23 22:06:15","5 days 17:24:54.545454"
167,"Coma Head","Travel","7","23","122.77","23","2005-08-23 02:06:41","4 days 13:28:05.217392"
168,"Comancheros Enemy","Children","2","6","9.94","6","2005-08-23 22:25:26","2 days 26:13:30"
169,"Comforts Rush","Travel","4","15","69.85","15","2005-08-19 16:50:50","3 days 27:49:20"
170,"Command Darling","Foreign","6","16","107.84","15","2005-08-22 02:57:04","5 days 31:10:18.75"
172,"Coneheads Smoochy","Drama","7","24","131.76","23","2005-08-23 16:57:43","5 days 15:09:07.5"
173,"Confessions Maguire","Drama","5","13","70.87","13","2005-08-22 15:21:56","4 days 25:48:23.076923"
174,"Confidential Interview","Music","8","24","136.76","24","2005-08-23 15:22:15","4 days 31:19:10"
175,"Confused Candles","Family","5","16","99.84","16","2005-08-20 16:17:27","5 days 26:14:37.5"
176,"Congeniality Quest","Sports","6","19","31.81","19","2005-08-22 23:54:14","4 days 22:29:00"
177,"Connecticut Tramp","Sci-Fi","3","11","75.89","11","2005-08-22 06:23:54","4 days 37:26:05.454546"
178,"Connection Microcosmos","Comedy","2","5","8.95","5","2006-02-14 15:16:03","5 days 24:27:30"
179,"Conquerer Nuts","Drama","4","13","84.87","13","2005-08-22 21:29:14","4 days 21:18:27.692307"
180,"Conspiracy Spirit","Classics","2","5","16.95","5","2005-08-18 12:58:40","3 days 24:14:24"
181,"Contact Anonymous","Travel","7","24","78.76","23","2005-08-21 23:08:33","4 days 25:01:57.5"
182,"Control Anthem","Comedy","2","6","31.94","6","2005-08-22 17:47:40","4 days 34:50:20"
183,"Conversation Downhill","Family","6","17","114.83","17","2006-02-14 15:16:03","5 days 15:42:52.5"
184,"Core Suit","Classics","5","16","92.84","16","2005-08-23 04:20:16","4 days 34:21:56.25"
185,"Cowboy Doom","Foreign","2","7","28.93","7","2005-08-22 22:28:36","2 days 32:55:25.714285"
186,"Craft Outfield","Drama","4","14","18.86","14","2005-08-21 10:19:25","3 days 32:37:00"
187,"Cranes Reservoir","Sports","3","9","33.91","9","2005-08-22 12:01:06","4 days 18:38:13.333333"
188,"Crazy Home","Comedy","3","9","26.91","9","2005-08-22 13:20:28","3 days 33:17:33.333333"
189,"Creatures Shakespeare","Games","6","16","56.84","16","2006-02-14 15:16:03","5 days 23:20:17.142857"
190,"Creepers Kane","Classics","4","13","77.87","13","2005-08-23 01:15:07","4 days 10:59:13.846154"
191,"Crooked Frogmen","Children","6","21","38.79","21","2006-02-14 15:16:03","4 days 25:26:48"
193,"Crossroads Casualties","Animation","8","20","74.80","20","2005-08-23 12:47:05","4 days 09:51:39"
194,"Crow Grease","Action","4","11","14.89","11","2005-08-23 07:31:10","3 days 32:30:05.454546"
196,"Cruelty Unforgiven","Classics","2","6","6.94","6","2005-08-23 02:39:37","3 days 22:22:30"
197,"Crusade Honey","Sports","2","7","44.93","7","2005-08-23 13:01:43","6 days 31:48:08.571428"
199,"Cupboard Sinners","Documentary","8","22","103.78","22","2005-08-22 09:37:54","4 days 29:24:35.454546"
200,"Curtain Videotape","Games","8","24","34.77","23","2006-02-14 15:16:03","5 days 15:56:20.869566"
201,"Cyclone Family","Foreign","4","14","43.87","14","2006-02-14 15:16:03","4 days 24:02:46.153846"
202,"Daddy Pittsburgh","Comedy","3","11","63.89","11","2005-08-22 01:17:16","4 days 22:44:16.363637"
203,"Daisy Menagerie","Sci-Fi","4","14","85.86","14","2005-08-22 18:21:04","4 days 19:57:00"
204,"Dalmations Sweden","Drama","6","18","54.82","18","2005-08-21 23:09:32","5 days 12:24:30"
205,"Dances None","Action","4","13","28.87","13","2006-02-14 15:16:03","3 days 26:11:27.272727"
206,"Dancing Fever","Documentary","8","24","49.76","23","2005-08-22 11:11:51","5 days 27:44:32.5"
207,"Dangerous Uptown","Foreign","4","12","66.88","11","2005-08-23 10:32:52","5 days 27:33:20"
208,"Dares Pluto","Animation","3","8","26.92","8","2005-08-18 08:07:45","5 days 19:31:37.5"
209,"Darkness War","Drama","4","12","45.88","12","2005-08-22 00:40:49","5 days 19:21:05"
210,"Darko Dorado","Action","3","10","72.90","10","2005-08-23 11:32:35","4 days 23:38:30"
211,"Darling Breaking","Games","2","8","44.92","8","2005-08-21 19:14:48","5 days 16:17:45"
212,"Darn Forrester","Action","5","17","87.83","17","2005-08-23 21:54:02","5 days 15:50:35.294117"
213,"Date Speed","Family","4","12","41.88","12","2005-08-21 16:32:32","5 days 17:48:40"
214,"Daughter Madigan","Children","4","9","69.91","8","2005-08-23 00:46:52","5 days 16:12:46.666667"
215,"Dawn Pond","Games","6","17","120.83","16","2005-08-23 14:23:44","5 days 10:59:00"
216,"Day Unfaithful","New","5","12","93.88","12","2006-02-14 15:16:03","5 days 26:20:05.454546"
218,"Deceiver Betrayed","Drama","7","20","24.80","20","2005-08-22 17:53:06","3 days 24:34:09"
219,"Deep Crusade","Documentary","4","13","75.87","13","2006-02-14 15:16:03","5 days 21:38:40"
220,"Deer Virginian","Music","8","25","78.76","23","2006-02-14 15:16:03","4 days 24:52:12.5"
222,"Desert Poseidon","Horror","6","19","118.81","19","2005-08-23 18:40:41","4 days 12:51:28.421052"
223,"Desire Alien","Animation","2","8","25.92","8","2005-08-22 16:22:53","3 days 34:41:07.5"
224,"Desperate Trainspotting","Travel","2","6","31.94","6","2005-08-22 00:34:17","3 days 29:34:00"
225,"Destination Jerk","Drama","3","8","31.92","8","2005-08-21 17:08:33","5 days 19:21:22.5"
226,"Destiny Saturday","New","5","15","91.85","15","2005-08-21 02:56:52","3 days 32:06:24"
227,"Details Packer","Games","5","18","128.82","18","2006-02-14 15:16:03","5 days 20:50:00"
228,"Detective Vision","Classics","7","24","62.76","22","2006-02-14 15:16:03","4 days 32:30:18.260869"
229,"Devil Desire","Action","4","14","78.86","14","2006-02-14 15:16:03","4 days 27:45:23.076923"
230,"Diary Panic","Drama","2","8","24.92","8","2005-08-20 21:23:54","4 days 12:10:37.5"
231,"Dinosaur Secretary","Family","8","19","67.81","18","2005-08-23 20:07:10","5 days 20:20:00"
232,"Dirty Ace","Games","5","13","47.87","13","2005-08-21 18:35:44","4 days 25:43:41.538461"
233,"Disciple Mother","Travel","6","18","39.82","16","2006-02-14 15:16:03","3 days 15:46:21.176471"
234,"Disturbing Scarface","Sci-Fi","7","23","77.77","23","2005-08-22 14:26:01","3 days 30:39:52.173913"
235,"Divide Monster","Sci-Fi","6","20","61.80","20","2005-08-20 14:23:16","3 days 33:48:48"
236,"Divine Resurrection","Games","4","15","64.85","15","2006-02-14 15:16:03","4 days 18:24:25.714286"
237,"Divorce Shining","Sports","2","5","21.95","5","2005-08-22 10:13:09","3 days 23:31:00"
238,"Doctor Grail","Children","2","5","23.95","5","2005-08-20 19:04:40","4 days 24:15:36"
239,"Dogma Family","Animation","8","28","168.72","28","2005-08-23 05:24:29","4 days 22:45:30"
240,"Dolls Rage","Sci-Fi","3","8","27.92","8","2005-08-22 01:00:42","6 days 12:58:45"
241,"Donnie Alley","Animation","4","13","34.87","13","2005-08-22 16:08:23","4 days 23:15:23.076923"
242,"Doom Dancing","Comedy","5","17","58.83","17","2005-08-22 19:08:49","5 days 27:32:49.411765"
243,"Doors President","Animation","6","18","118.82","18","2006-02-14 15:16:03","4 days 14:40:15"
244,"Dorado Notting","Music","7","22","140.78","22","2005-08-23 18:48:40","5 days 24:27:49.090909"
245,"Double Wrath","Animation","7","21","56.79","20","2005-08-23 00:56:01","4 days 23:17:48.571429"
246,"Doubtfire Labyrinth","Foreign","3","9","52.91","9","2005-08-21 00:44:34","4 days 16:43:06.666667"
247,"Downhill Enough","Comedy","7","21","72.79","21","2005-08-23 18:08:59","4 days 32:10:45.714286"
248,"Dozen Lion","Documentary","2","6","31.94","6","2005-08-22 23:54:36","3 days 19:57:10"
249,"Dracula Crystal","Classics","6","19","22.81","19","2005-08-23 20:29:56","4 days 20:56:00"
250,"Dragon Squad","Action","4","11","27.89","11","2005-08-23 18:28:09","4 days 22:11:10.909091"
251,"Dragonfly Strangers","New","5","14","80.86","14","2006-02-14 15:16:03","4 days 15:52:00"
252,"Dream Pickup","Action","6","20","73.80","20","2005-08-22 02:20:44","4 days 22:33:57"
253,"Drifter Commandments","Action","6","22","131.78","22","2006-02-14 15:16:03","4 days 19:37:28.571429"
254,"Driver Annie","Sports","5","16","62.84","15","2006-02-14 15:16:03","3 days 20:57:12"
255,"Driving Polish","Music","6","19","105.81","19","2005-08-22 20:22:40","4 days 28:53:37.894737"
256,"Drop Waterfront","Sports","3","8","43.92","8","2005-08-22 10:39:51","4 days 28:36:00"
257,"Drumline Cyclone","Travel","3","10","36.90","10","2005-08-21 07:56:39","4 days 33:28:18"
258,"Drums Dynamite","Horror","4","13","24.87","13","2005-08-22 23:51:23","5 days 20:48:04.615385"
259,"Duck Racer","Animation","2","5","20.95","5","2005-08-23 07:50:46","4 days 10:05:12"
260,"Dude Blindness","Sports","4","13","90.87","13","2005-08-23 07:10:22","3 days 33:10:23.076923"
261,"Duffel Apocalypse","Documentary","2","6","5.94","6","2005-08-21 00:21:29","1 day 25:21:30"
262,"Dumbo Lust","Family","2","6","13.94","6","2005-08-23 05:55:22","4 days 21:38:30"
263,"Durham Panky","Sports","7","24","132.76","23","2005-08-22 01:12:44","4 days 12:33:10"
264,"Dwarfs Alter","Games","2","8","28.92","8","2006-02-14 15:16:03","4 days 25:36:00"
265,"Dying Maker","Comedy","4","15","83.85","15","2005-08-21 16:52:03","3 days 28:59:20"
266,"Dynamite Tarzan","Classics","8","23","60.77","23","2005-08-23 19:06:04","4 days 21:20:07.826087"
267,"Eagles Panky","New","6","19","134.81","18","2006-02-14 15:16:03","5 days 18:10:46.666667"
268,"Early Home","Animation","2","6","36.94","6","2005-08-21 17:57:26","5 days 34:25:30"
269,"Earring Instinct","Family","6","17","60.83","17","2005-08-23 13:56:40","4 days 35:01:49.411765"
270,"Earth Vision","New","7","23","34.77","23","2006-02-14 15:16:03","5 days 15:37:24.545455"
271,"Easy Gladiator","Action","5","20","132.80","19","2005-08-21 09:06:29","5 days 28:31:12"
272,"Edge Kissing","Drama","4","13","79.87","13","2005-08-23 20:41:09","4 days 24:06:18.461539"
273,"Effect Gladiator","Family","7","21","40.79","20","2006-02-14 15:16:03","4 days 33:09:42"
274,"Egg Igby","Documentary","7","19","98.81","19","2005-08-22 07:19:05","5 days 25:02:18.947368"
275,"Egypt Tenenbaums","Horror","5","16","66.84","16","2005-08-22 18:39:11","5 days 22:38:15"
276,"Element Freddy","Comedy","4","10","56.90","10","2005-08-23 13:06:19","4 days 33:06:18"
277,"Elephant Trojan","Horror","3","10","64.90","10","2005-08-22 16:15:33","4 days 18:32:06"
278,"Elf Murder","Music","2","6","34.94","6","2005-08-21 08:08:43","3 days 22:42:50"
279,"Elizabeth Shane","Sports","2","7","36.93","7","2005-08-21 14:51:52","4 days 21:56:42.857143"
280,"Empire Malkovich","Children","6","19","26.81","17","2005-08-20 19:03:25","5 days 22:06:00"
281,"Encino Elf","Games","6","19","27.81","19","2006-02-14 15:16:03","4 days 15:48:13.333333"
282,"Encounters Curtain","Drama","6","18","38.82","18","2005-08-23 13:25:08","4 days 22:12:33.333333"
283,"Ending Crowds","New","3","10","17.90","10","2005-08-21 19:09:40","4 days 21:10:54"
284,"Enemy Odds","Music","7","25","159.75","25","2005-08-21 10:10:01","4 days 27:24:07.2"
285,"English Bulworth","Sci-Fi","7","26","99.74","26","2005-08-23 18:43:11","5 days 14:19:02.307692"
286,"Enough Raging","Travel","5","16","51.84","16","2006-02-14 15:16:03","5 days 22:03:32"
287,"Entrapment Satisfaction","Action","4","13","42.87","13","2005-08-23 09:02:03","6 days 08:57:23.076923"
288,"Escape Metropolis","Travel","6","23","74.77","23","2005-08-23 12:47:16","4 days 19:26:05.217391"
289,"Eve Resurrection","New","2","7","40.93","7","2005-08-18 19:36:05","5 days 04:05:42.857143"
290,"Everyone Craft","Foreign","3","11","22.89","11","2005-08-23 22:24:39","3 days 20:07:38.181819"
291,"Evolution Alter","Sports","4","12","26.88","12","2005-08-20 20:07:15","4 days 29:03:40"
292,"Excitement Eve","Action","6","20","61.80","20","2005-08-22 15:52:57","4 days 14:47:51"
293,"Exorcist Sting","Sports","5","12","49.88","12","2005-08-21 09:49:28","5 days 14:09:00"
294,"Expecations Natural","Travel","5","17","101.83","17","2005-08-22 09:33:08","4 days 26:08:10.588235"
295,"Expendable Stallion","Documentary","8","26","94.74","25","2005-08-23 12:47:37","4 days 31:42:23.076924"
296,"Express Lonely","Sci-Fi","4","12","42.88","12","2005-08-23 16:22:20","3 days 18:48:05"
297,"Extraordinary Conquerer","Classics","2","6","22.94","6","2005-08-23 07:28:04","4 days 28:42:50"
298,"Eyes Driving","Sci-Fi","5","16","68.84","16","2005-08-21 22:21:49","4 days 23:38:37.5"
299,"Factory Dragon","Travel","4","15","30.85","15","2005-08-19 20:55:23","3 days 19:50:40"
300,"Falcon Volume","Animation","6","18","106.81","18","2006-02-14 15:16:03","4 days 15:43:49.411765"
301,"Family Sweet","Horror","8","26","60.73","26","2006-02-14 15:16:03","4 days 12:01:17.5"
302,"Fantasia Park","Games","6","19","73.81","18","2005-08-23 22:12:44","4 days 21:43:28.421052"
303,"Fantasy Troopers","Action","6","21","35.79","19","2005-08-22 12:16:46","4 days 29:44:28.571428"
304,"Fargo Gandhi","Children","6","21","94.79","21","2005-08-22 06:29:34","3 days 23:40:48.571429"
305,"Fatal Haunted","New","7","23","92.77","23","2005-08-22 23:55:51","5 days 12:39:07.826087"
306,"Feathers Metal","Games","3","9","31.91","9","2005-08-21 17:33:18","5 days 11:01:46.666667"
307,"Fellowship Autumn","Travel","6","24","137.76","23","2005-08-22 13:39:20","5 days 13:31:40"
308,"Ferris Mother","Comedy","4","15","70.85","15","2005-08-22 21:39:45","3 days 27:44:24"
309,"Feud Frogmen","Family","6","20","31.80","20","2005-08-22 16:11:32","4 days 19:25:42"
310,"Fever Empire","Games","2","5","33.95","5","2005-08-18 15:32:57","5 days 18:08:12"
311,"Fiction Christmas","Foreign","7","19","58.81","18","2005-08-23 13:18:16","5 days 17:53:09.473684"
312,"Fiddler Lost","Sci-Fi","3","10","64.90","10","2005-08-23 14:12:22","4 days 19:18:54"
313,"Fidelity Devil","Horror","6","18","117.82","18","2005-08-23 06:41:07","4 days 30:44:03.333333"
314,"Fight Jawbreaker","Animation","6","20","53.80","20","2006-02-14 15:16:03","3 days 33:56:31.578947"
315,"Finding Anaconda","Family","3","10","26.90","10","2005-08-21 16:56:39","5 days 15:54:30"
316,"Fire Wolves","Games","2","7","39.93","7","2005-08-20 19:19:30","4 days 27:15:17.142857"
317,"Fireball Philadelphia","Comedy","7","19","57.81","18","2005-08-22 19:41:37","5 days 18:52:56.842105"
319,"Fish Opus","Sci-Fi","7","22","94.78","22","2005-08-23 17:57:35","4 days 22:00:43.636364"
320,"Flamingos Connecticut","New","7","22","134.78","22","2005-08-22 19:28:04","3 days 35:17:02.727272"
321,"Flash Wars","New","4","12","87.88","12","2005-08-23 15:21:35","4 days 28:04:35"
322,"Flatliners Killer","Sports","6","19","74.81","18","2005-08-22 16:30:43","4 days 23:06:47.368421"
323,"Flight Lies","Sports","4","12","68.88","12","2005-08-21 02:14:03","6 days 30:29:55"
324,"Flintstones Happiness","Comedy","5","17","134.83","17","2005-08-22 23:08:46","5 days 15:42:31.764706"
326,"Flying Hook","Animation","6","19","77.81","19","2006-02-14 15:16:03","5 days 19:07:13.333333"
327,"Fool Mockingbird","Action","6","21","162.79","21","2005-08-22 07:37:24","5 days 10:59:00"
328,"Forever Candidate","Children","4","12","40.88","12","2005-08-23 19:35:42","4 days 12:25:25"
329,"Forrest Sons","Action","6","17","83.83","17","2005-08-23 15:47:02","5 days 11:47:56.470588"
330,"Forrester Comancheros","Animation","7","26","141.74","26","2006-02-14 15:16:03","5 days 10:30:57.6"
331,"Forward Temple","Games","8","26","102.74","26","2005-08-23 12:29:24","5 days 11:18:36.923077"
333,"Freaky Pocus","Music","4","14","43.86","14","2005-08-22 18:57:39","3 days 20:19:25.714286"
334,"Freddy Storm","Horror","6","21","115.79","21","2005-08-23 00:30:26","4 days 29:28:34.285714"
335,"Freedom Cleopatra","Comedy","2","5","5.95","5","2005-08-21 12:48:08","2 days 23:02:00"
336,"French Holiday","Documentary","5","16","94.84","16","2005-08-22 09:54:54","4 days 22:41:45"
337,"Frida Slipper","Foreign","4","11","40.90","11","2006-02-14 15:16:03","5 days 12:13:54"
338,"Frisco Forrest","Sci-Fi","3","9","53.91","9","2006-02-14 15:16:03","5 days 28:33:22.5"
339,"Frogmen Breaking","Travel","3","10","16.90","10","2005-08-19 15:25:48","4 days 27:36:36"
340,"Frontier Cabin","New","2","6","35.94","6","2005-08-21 05:51:28","5 days 32:53:10"
341,"Frost Head","Classics","8","28","74.72","26","2006-02-14 15:16:03","5 days 16:49:11.111111"
342,"Fugitive Maguire","Travel","4","11","56.89","11","2005-08-23 13:33:46","3 days 24:47:43.636364"
343,"Full Flatliners","Children","2","5","16.95","5","2005-08-21 13:32:38","3 days 18:25:00"
344,"Fury Murder","Children","5","17","58.83","17","2005-08-22 06:05:38","4 days 28:29:49.411765"
345,"Gables Metropolis","Family","5","17","47.83","17","2006-02-14 15:16:03","4 days 13:36:07.5"
346,"Galaxy Sweethearts","Classics","6","16","105.84","16","2005-08-22 23:17:41","4 days 13:17:22.5"
347,"Games Bowfinger","Travel","4","12","62.88","12","2005-08-23 02:33:27","3 days 23:56:55"
348,"Gandhi Kwai","Family","4","13","16.87","13","2005-08-22 05:07:17","5 days 09:38:09.230769"
349,"Gangs Pride","Animation","7","22","95.78","22","2005-08-23 16:34:31","4 days 18:20:54.545454"
350,"Garden Island","Sci-Fi","8","18","134.82","18","2005-08-23 10:23:28","4 days 33:48:23.333333"
351,"Gaslight Crusade","Horror","6","16","62.84","16","2005-08-23 18:45:06","3 days 24:04:41.25"
352,"Gathering Calendar","Games","4","10","19.90","10","2005-08-22 01:09:04","3 days 21:56:00"
353,"Gentlemen Stage","Foreign","6","20","70.80","18","2005-08-22 01:17:18","4 days 25:13:15"
354,"Ghost Groundhog","Children","5","19","107.81","19","2006-02-14 15:16:03","4 days 33:28:10"
355,"Ghostbusters Elf","Animation","2","7","8.93","7","2005-08-23 13:24:57","4 days 29:30:42.857143"
356,"Giant Troopers","Children","8","26","100.74","26","2005-08-22 16:57:02","3 days 33:25:34.615385"
357,"Gilbert Pelican","Classics","4","9","17.91","9","2005-08-23 20:28:44","6 days 15:44:40"
358,"Gilmore Boiled","Classics","8","24","52.76","24","2005-08-22 17:18:32","4 days 26:02:25"
360,"Glass Dying","Action","4","12","35.88","12","2005-08-23 15:58:05","4 days 33:51:35"
361,"Gleaming Jawbreaker","Sports","8","27","125.72","26","2006-02-14 15:16:03","5 days 32:25:25.384616"
362,"Glory Tracy","Games","2","5","14.95","5","2005-08-23 04:33:39","3 days 16:17:00"
363,"Go Purple","Music","6","17","43.83","17","2005-08-23 14:38:37","3 days 31:31:21.17647"
364,"Godfather Diary","New","3","8","37.92","8","2005-08-22 11:19:22","3 days 37:40:15"
365,"Gold River","Comedy","4","14","94.86","14","2005-08-22 19:44:59","4 days 28:12:04.285715"
366,"Goldfinger Sensibility","Drama","7","21","67.79","21","2005-08-22 00:46:54","4 days 23:37:45.714286"
367,"Goldmine Tycoon","Sci-Fi","7","24","43.76","24","2005-08-22 12:47:45","4 days 34:22:17.5"
368,"Gone Trouble","Drama","2","8","29.92","8","2005-08-22 19:16:04","5 days 25:29:52.5"
369,"Goodfellas Salute","Sci-Fi","8","25","164.75","25","2005-08-23 18:08:19","4 days 21:48:28.8"
370,"Gorgeous Bingo","Children","5","17","94.83","17","2006-02-14 15:16:03","6 days 13:31:41.25"
371,"Gosford Donnie","Action","3","8","48.92","8","2005-08-22 07:35:31","4 days 11:23:07.5"
372,"Graceland Dynamite","Sports","2","6","37.94","6","2005-08-17 07:46:54","4 days 31:15:00"
373,"Graduate Lord","Children","5","13","42.87","13","2005-08-22 06:30:10","4 days 25:02:27.692308"
374,"Graffiti Love","Sci-Fi","7","26","67.74","26","2005-08-23 15:03:58","3 days 26:42:50.769231"
375,"Grail Frankenstein","Action","2","8","40.92","8","2006-02-14 15:16:03","5 days 14:00:08.571429"
376,"Grapes Fury","Foreign","7","22","56.77","22","2006-02-14 15:16:03","3 days 30:46:14.285715"
377,"Grease Youth","Family","6","20","27.80","20","2005-08-23 15:15:19","3 days 30:25:24"
378,"Greatest North","Music","8","27","103.73","27","2005-08-23 16:32:10","4 days 22:31:28.888889"
379,"Greedy Roots","Drama","4","13","14.87","13","2005-08-23 18:01:31","2 days 33:16:46.153846"
380,"Greek Everyone","Foreign","5","17","55.83","17","2005-08-19 23:38:02","4 days 21:21:45.882353"
381,"Grinch Massage","Games","5","14","76.86","13","2005-08-22 14:41:05","4 days 29:10:04.285715"
382,"Grit Clockwork","Games","8","28","97.72","28","2005-08-23 13:46:27","4 days 34:10:25.714286"
383,"Groove Fiction","Sports","5","17","40.83","17","2005-08-21 12:47:53","5 days 35:21:28.235294"
384,"Grosse Wonderful","Music","3","8","46.92","8","2005-08-21 13:54:15","4 days 18:52:45"
385,"Groundhog Uncut","Comedy","5","14","78.86","14","2006-02-14 15:16:03","4 days 24:31:50.769231"
387,"Gun Bonnie","Games","6","21","30.79","20","2005-08-22 19:02:48","5 days 13:24:28.571429"
388,"Gunfight Moon","Comedy","6","21","46.79","19","2006-02-14 15:16:03","4 days 34:05:31.578948"
389,"Gunfighter Mussolini","Sports","4","11","64.89","11","2005-08-23 03:30:45","5 days 16:55:21.818182"
390,"Guys Falcon","Sci-Fi","3","8","52.92","8","2005-08-22 04:31:50","4 days 30:37:07.5"
391,"Half Outfield","Family","7","22","73.79","22","2006-02-14 15:16:03","3 days 34:13:15"
392,"Hall Cassidy","Children","6","16","98.84","16","2005-08-23 19:51:30","4 days 23:55:11.25"
393,"Halloween Nuts","Documentary","2","8","29.92","8","2005-08-23 06:50:27","5 days 11:43:37.5"
394,"Hamlet Wisdom","Sci-Fi","4","12","39.88","12","2005-08-20 10:31:01","5 days 23:06:25"
395,"Handicap Boondock","Action","6","24","50.76","24","2005-08-22 18:04:22","3 days 33:03:45"
396,"Hanging Deep","Drama","4","15","92.85","15","2005-08-20 23:42:31","4 days 20:34:00"
397,"Hanky October","Sci-Fi","7","23","104.77","23","2005-08-23 18:23:30","5 days 20:43:54.782609"
398,"Hanover Galaxy","Music","4","14","81.86","14","2005-08-20 18:42:40","3 days 30:15:00"
399,"Happiness United","Foreign","2","6","22.94","6","2006-02-14 15:16:03","4 days 24:03:24"
400,"Hardly Robbers","Documentary","2","4","15.96","4","2005-08-22 20:44:06","6 days 22:45:45"
401,"Harold French","Drama","2","7","8.93","7","2005-08-21 22:27:11","2 days 20:58:42.857143"
402,"Harper Dying","Animation","6","20","77.80","20","2005-08-23 21:59:26","5 days 16:09:06"
403,"Harry Idaho","Drama","8","27","177.73","27","2006-02-14 15:16:03","4 days 34:47:48.461539"
405,"Haunted Antitrust","Travel","2","6","31.94","6","2006-02-14 15:16:03","4 days 08:35:12"
406,"Haunting Pianist","Games","6","20","47.80","20","2005-08-23 16:15:45","5 days 12:03:21"
407,"Hawk Chill","Documentary","2","6","12.94","6","2005-08-20 20:42:12","4 days 16:19:40"
408,"Head Stranger","Games","7","21","142.79","21","2005-08-23 04:51:52","4 days 21:39:31.428572"
409,"Heartbreakers Bright","Children","7","20","132.80","20","2005-08-23 18:54:32","3 days 31:53:18"
410,"Heaven Freedom","Comedy","5","15","49.85","15","2005-08-23 14:42:07","4 days 26:09:08"
411,"Heavenly Gun","Music","2","6","32.94","6","2005-08-19 09:48:52","3 days 39:44:10"
412,"Heavyweights Beast","Documentary","8","22","123.78","22","2005-08-23 03:54:39","4 days 15:36:32.727273"
413,"Hedwig Alter","Comedy","3","10","31.90","10","2005-08-23 08:42:40","3 days 27:50:48"
414,"Hellfighters Sierra","Foreign","6","19","92.81","19","2005-08-23 15:34:49","3 days 29:59:53.684211"
415,"High Encino","Horror","6","21","117.79","21","2005-08-22 16:55:26","4 days 33:49:54.285714"
416,"Highball Potter","Foreign","6","19","27.81","19","2005-08-23 02:48:24","4 days 14:00:09.473684"
417,"Hills Neighbors","Action","6","21","58.79","21","2005-08-23 04:17:56","5 days 29:49:42.857143"
418,"Hobbit Alien","Drama","8","26","68.74","26","2005-08-22 13:06:26","5 days 17:38:32.307692"
420,"Holes Brannigan","Sports","5","15","75.86","15","2006-02-14 15:16:03","4 days 31:42:55.714286"
421,"Holiday Games","Foreign","4","15","82.85","15","2005-08-23 01:29:59","4 days 26:55:40"
422,"Hollow Jeopardy","Sci-Fi","2","8","39.92","8","2005-08-22 11:49:16","3 days 29:03:30"
423,"Hollywood Anonymous","Children","4","13","13.87","13","2005-08-21 01:10:29","3 days 32:08:36.923077"
424,"Holocaust Highball","Children","5","16","23.84","16","2005-08-22 21:36:51","4 days 22:54:03.75"
425,"Holy Tadpole","Classics","2","8","17.92","8","2005-08-20 08:27:01","5 days 19:37:30"
426,"Home Pity","Music","3","12","66.88","12","2005-08-21 09:39:50","5 days 22:07:20"
427,"Homeward Cider","Documentary","4","16","23.84","16","2005-08-21 13:07:24","2 days 36:12:11.25"
428,"Homicide Peach","Family","6","18","59.82","18","2005-08-23 09:02:04","3 days 29:18:56.666667"
429,"Honey Ties","Sports","6","16","59.84","16","2005-08-23 02:45:21","5 days 15:27:52.5"
430,"Hook Chariots","Animation","4","13","17.87","13","2005-08-23 10:35:51","4 days 28:37:13.846153"
431,"Hoosiers Birdcage","Foreign","3","8","41.92","8","2005-08-18 00:14:03","4 days 20:57:52.5"
432,"Hope Tootsie","Classics","5","17","72.83","17","2005-08-22 11:43:04","3 days 33:16:52.941176"
433,"Horn Working","Animation","6","23","109.77","23","2005-08-23 10:04:36","4 days 15:57:57.391305"
434,"Horror Reign","Travel","8","25","77.75","24","2005-08-23 13:10:16","4 days 16:52:00"
435,"Hotel Happiness","Foreign","2","8","41.92","8","2005-08-22 19:23:58","4 days 13:46:22.5"
436,"Hours Rage","New","6","18","44.82","18","2005-08-22 16:49:02","4 days 19:31:33.333333"
437,"House Dynamite","Family","6","20","65.80","19","2005-08-23 20:16:27","4 days 16:16:30"
438,"Human Graffiti","Games","5","15","80.85","15","2005-08-22 17:46:41","4 days 24:59:24"
439,"Hunchback Impossible","Drama","6","17","115.83","17","2006-02-14 15:16:03","4 days 30:30:48.75"
440,"Hunger Roof","Foreign","4","12","19.88","11","2006-02-14 15:16:03","5 days 28:54:38.181818"
441,"Hunter Alter","Documentary","2","5","24.95","4","2005-08-23 16:44:31","6 days 19:26:00"
442,"Hunting Musketeers","Family","3","12","40.88","12","2005-08-23 16:18:25","4 days 12:46:45"
443,"Hurricane Affair","Comedy","7","23","82.77","23","2005-08-21 09:04:20","4 days 31:06:44.347826"
444,"Hustler Party","Comedy","8","22","190.78","22","2005-08-23 09:42:21","5 days 36:07:02.727273"
445,"Hyde Doctor","Classics","6","23","95.76","23","2006-02-14 15:16:03","3 days 32:33:19.090909"
446,"Hysterical Grail","Sports","4","15","87.85","15","2005-08-21 07:29:05","3 days 34:32:00"
447,"Ice Crossing","Games","7","22","90.78","22","2005-08-23 02:08:40","4 days 17:27:00"
448,"Idaho Love","New","5","15","68.85","15","2005-08-20 08:27:27","3 days 19:26:20"
449,"Identity Lover","Sci-Fi","4","12","56.88","12","2005-08-21 13:55:39","5 days 08:23:20"
450,"Idols Snatchers","Children","7","24","88.76","24","2005-08-23 20:27:34","4 days 13:05:10"
451,"Igby Maker","Travel","5","17","89.83","17","2006-02-14 15:16:03","4 days 33:22:07.5"
452,"Illusion Amelie","Foreign","4","13","34.87","13","2005-08-23 22:42:48","4 days 22:47:04.615385"
453,"Image Princess","Sports","5","14","76.86","14","2005-08-23 17:57:28","4 days 24:03:42.857143"
454,"Impact Aladdin","Music","2","8","18.92","8","2005-08-18 03:37:31","6 days 29:07:22.5"
455,"Impossible Prejudice","Foreign","4","14","74.86","14","2005-08-22 15:57:38","4 days 21:28:17.142857"
456,"Inch Jet","Animation","6","18","95.82","18","2005-08-23 09:53:30","4 days 15:08:23.333333"
457,"Independence Hotel","Documentary","6","18","34.82","18","2005-08-22 17:48:10","4 days 23:03:36.666667"
458,"Indian Love","Family","6","15","46.85","15","2005-08-23 16:50:43","5 days 11:06:36"
459,"Informer Double","Foreign","2","5","27.95","5","2005-08-22 16:26:53","2 days 33:28:12"
460,"Innocent Usual","Foreign","8","26","191.74","25","2005-08-22 15:22:15","4 days 23:40:16.153846"
461,"Insects Stone","Animation","6","18","36.81","18","2006-02-14 15:16:03","2 days 31:30:35.294118"
462,"Insider Arizona","Music","5","17","61.83","16","2006-02-14 15:16:03","3 days 24:30:40"
463,"Instinct Airport","Sports","5","17","69.83","17","2005-08-23 15:41:12","3 days 26:06:45.882353"
464,"Intentions Empire","Animation","7","17","78.83","17","2006-02-14 15:16:03","4 days 12:40:20"
465,"Interview Liaisons","New","5","18","110.82","18","2005-08-22 03:42:12","3 days 31:55:06.666667"
466,"Intolerable Intentions","Documentary","2","7","39.93","7","2005-08-19 03:38:32","4 days 20:14:08.571429"
467,"Intrigue Worst","Foreign","7","19","36.81","18","2006-02-14 15:16:03","4 days 34:48:53.333333"
468,"Invasion Cyclone","Children","8","26","100.74","26","2005-08-23 17:00:12","4 days 15:29:57.692307"
469,"Iron Moon","Classics","3","10","50.90","10","2005-08-23 14:05:37","3 days 30:51:30"
470,"Ishtar Rocketeer","Animation","2","6","42.94","6","2005-08-22 18:03:11","5 days 11:43:30"
471,"Island Exorcist","Classics","7","23","76.77","23","2005-08-23 11:28:49","4 days 26:34:49.565217"
472,"Italian African","Travel","2","6","38.94","6","2005-08-23 16:19:14","3 days 29:55:30"
473,"Jacket Frisco","Drama","5","16","71.84","16","2005-08-21 07:09:27","4 days 24:36:41.25"
474,"Jade Bunch","Sports","4","15","53.85","15","2005-08-23 15:30:48","3 days 34:30:56"
475,"Japanese Run","Horror","2","6","7.94","6","2005-08-23 14:43:15","4 days 05:51:20"
476,"Jason Trap","Family","7","23","97.77","23","2006-02-14 15:16:03","4 days 31:54:13.636363"
477,"Jawbreaker Brooklyn","Music","3","9","10.91","9","2005-08-21 19:05:23","2 days 18:08:33.333333"
478,"Jaws Harry","Comedy","5","13","59.87","13","2005-08-21 12:07:25","4 days 21:21:32.307692"
479,"Jedi Beneath","Family","5","18","20.82","18","2005-08-21 14:52:14","4 days 19:49:03.333333"
480,"Jeepers Wedding","Classics","4","13","70.87","13","2005-08-23 03:13:01","5 days 09:17:23.076923"
481,"Jekyll Frogmen","New","6","16","78.84","15","2005-08-23 20:53:20","4 days 21:35:22.5"
482,"Jeopardy Encino","Classics","3","10","28.90","10","2005-08-20 12:59:38","4 days 11:44:48"
483,"Jericho Mulan","Games","5","16","95.84","16","2005-08-23 18:20:56","5 days 18:30:37.5"
484,"Jerk Paycheck","Classics","7","19","104.81","18","2005-08-23 12:26:19","4 days 32:54:37.894737"
485,"Jersey Sassy","Children","3","6","39.94","6","2005-08-18 23:21:50","5 days 22:20:40"
486,"Jet Neighbors","Foreign","6","17","92.83","15","2005-08-23 19:19:06","5 days 21:25:07.058823"
487,"Jingle Sagebrush","Classics","3","11","59.89","11","2005-08-23 00:37:21","3 days 26:04:05.454545"
488,"Joon Northwest","Sports","5","16","37.84","16","2005-08-23 16:45:28","3 days 24:22:15"
489,"Juggler Hardly","Animation","8","29","86.71","28","2006-02-14 15:16:03","5 days 11:59:57.857142"
490,"Jumanji Blade","New","2","8","30.92","8","2005-08-19 13:56:54","3 days 29:12:22.5"
491,"Jumping Wrath","Children","6","21","67.79","21","2005-08-23 17:09:31","5 days 23:24:02.857143"
492,"Jungle Closer","New","2","12","23.88","12","2005-08-19 04:27:05","6 days 16:17:30"
493,"Kane Exorcist","Foreign","3","12","13.88","12","2005-08-21 02:04:33","2 days 32:09:15"
494,"Karate Moon","Horror","6","20","51.80","20","2005-08-23 15:46:33","4 days 21:18:57"
496,"Kick Savannah","Travel","5","17","48.83","17","2006-02-14 15:16:03","3 days 35:50:15"
498,"Killer Innocent","Family","2","6","21.94","6","2005-08-19 23:37:52","6 days 11:50:20"
499,"King Evolution","Family","2","8","59.92","8","2005-08-21 11:36:15","4 days 25:41:15"
500,"Kiss Glory","Foreign","8","21","126.79","20","2005-08-22 06:39:24","4 days 24:47:25.714286"
501,"Kissing Dolls","Action","5","17","120.83","17","2005-08-23 16:33:33","3 days 35:17:42.352942"
502,"Knock Warlock","Comedy","7","21","99.79","20","2005-08-22 10:14:33","4 days 37:21:57.142857"
503,"Kramer Chocolate","Sports","3","9","47.91","9","2005-08-22 11:58:58","4 days 21:48:33.333333"
504,"Kwai Homeward","Drama","6","20","42.80","19","2005-08-22 19:44:00","4 days 27:15:00"
505,"Labyrinth League","Children","4","13","41.87","13","2005-08-22 21:41:40","3 days 35:45:36.923077"
506,"Lady Stage","Horror","6","16","113.84","16","2006-02-14 15:16:03","5 days 16:15:40"
507,"Ladybugs Armageddon","Games","2","6","17.94","6","2005-08-22 04:15:48","5 days 15:31:30"
508,"Lambs Cincinatti","Games","3","10","57.90","10","2005-08-22 15:53:32","4 days 25:19:12"
509,"Language Cowboy","Children","3","10","18.90","10","2005-08-19 07:36:42","4 days 18:59:18"
510,"Lawless Vision","Animation","4","15","76.86","15","2006-02-14 15:16:03","4 days 12:52:04.285714"
511,"Lawrence Love","Action","5","13","15.87","13","2005-08-23 21:45:02","3 days 36:25:23.076923"
512,"League Hellfighters","Classics","6","17","105.83","17","2005-08-21 23:17:26","4 days 30:27:10.588235"
513,"Leathernecks Dwarfs","Travel","2","6","21.94","6","2005-08-18 07:16:58","4 days 17:43:00"
514,"Lebowski Soldiers","Drama","6","18","62.82","18","2005-08-23 12:15:51","3 days 28:18:13.333333"
515,"Legally Secretary","Children","2","8","39.92","8","2005-08-22 15:25:33","3 days 12:06:15"
516,"Legend Jedi","Music","3","8","12.92","8","2005-08-21 19:12:47","5 days 24:51:07.5"
517,"Lesson Cleopatra","Sports","2","6","22.94","6","2005-08-23 03:58:02","5 days 12:25:30"
518,"Liaisons Sweet","Travel","6","21","126.79","20","2005-08-22 13:04:32","4 days 16:42:51.428572"
519,"Liberty Magnificent","Sports","4","11","67.89","11","2005-08-23 06:03:31","5 days 20:57:49.090909"
520,"License Weekend","Sci-Fi","2","6","17.94","6","2005-08-20 05:10:39","2 days 19:25:30"
521,"Lies Treatment","Drama","7","24","131.76","23","2005-08-20 23:07:10","4 days 32:02:37.5"
522,"Life Twisted","Comedy","2","8","37.92","8","2005-08-23 13:16:15","5 days 12:52:22.5"
523,"Lights Deer","Classics","2","7","7.93","7","2005-08-18 13:42:14","5 days 12:13:08.571429"
524,"Lion Uncut","Comedy","6","17","33.83","17","2005-08-23 03:32:31","5 days 14:35:03.529412"
525,"Loathing Legally","Classics","8","26","62.74","26","2006-02-14 15:16:03","4 days 27:28:28.8"
526,"Lock Rear","Travel","4","14","42.86","14","2005-08-23 03:52:36","3 days 13:40:08.571428"
527,"Lola Agent","Horror","6","23","154.77","22","2005-08-22 11:36:16","5 days 10:12:36.521739"
528,"Lolita World","Family","3","9","45.91","9","2005-08-23 21:13:39","5 days 17:21:00"
529,"Lonely Elephant","Comedy","4","13","65.87","13","2005-08-21 16:44:32","4 days 16:04:09.230769"
530,"Lord Arizona","Action","3","10","39.90","10","2006-02-14 15:16:03","4 days 33:36:40"
531,"Lose Inch","Foreign","8","26","77.74","25","2005-08-22 09:25:24","3 days 36:04:09.230769"
532,"Loser Hustler","Sports","4","14","83.86","14","2005-08-23 01:25:30","4 days 34:15:12.857143"
533,"Lost Bird","Foreign","3","10","50.90","10","2005-08-21 06:21:24","5 days 16:05:24"
534,"Louisiana Harry","Family","5","16","28.84","16","2005-08-23 08:29:53","3 days 36:43:41.25"
535,"Love Suicides","Horror","4","15","22.85","14","2005-08-23 18:23:11","4 days 19:23:40"
536,"Lovely Jingle","Classics","5","13","62.87","12","2006-02-14 15:16:03","3 days 40:17:30"
537,"Lover Truman","Classics","3","9","54.91","9","2005-08-21 15:44:23","5 days 19:28:06.666667"
538,"Loverboy Attacks","New","3","11","16.89","11","2005-08-21 01:44:14","4 days 28:36:27.272727"
539,"Luck Opus","Drama","2","7","21.93","7","2005-08-19 13:09:54","4 days 13:57:51.428572"
540,"Lucky Flying","Music","3","10","32.90","10","2005-08-23 07:10:14","4 days 22:03:24"
541,"Luke Mummy","Animation","2","7","28.93","7","2005-08-21 18:35:54","4 days 24:10:42.857142"
542,"Lust Lock","Action","6","15","74.82","14","2006-02-14 15:16:03","3 days 14:09:32.307692"
543,"Madigan Dorado","Travel","2","8","48.92","8","2005-08-23 01:45:07","5 days 11:28:37.5"
544,"Madison Trap","Documentary","4","13","64.87","13","2005-08-22 12:24:55","5 days 17:08:00"
545,"Madness Attacks","Foreign","6","23","65.77","23","2005-08-22 17:27:23","4 days 31:12:52.173913"
546,"Madre Gables","Games","4","13","47.87","13","2005-08-23 11:15:20","6 days 15:12:55.384615"
547,"Magic Mallrats","Children","2","7","17.93","7","2005-08-22 23:38:01","3 days 25:16:51.428571"
548,"Magnificent Chitty","Classics","2","8","54.92","8","2005-08-19 19:35:13","5 days 31:10:37.5"
549,"Magnolia Forrester","Action","4","11","34.89","11","2005-08-22 11:14:31","5 days 14:04:49.09091"
550,"Maguire Apache","Family","3","9","33.91","9","2005-08-22 12:38:20","5 days 12:31:40"
551,"Maiden Home","New","6","22","152.78","22","2005-08-23 06:00:28","4 days 16:37:32.727273"
552,"Majestic Floats","Documentary","4","15","36.85","15","2005-08-22 02:04:38","5 days 23:49:32"
553,"Maker Gables","Children","3","10","32.90","10","2005-08-23 21:52:56","4 days 32:03:00"
554,"Malkovich Pet","Classics","7","23","75.77","22","2005-08-23 14:23:23","3 days 33:54:39.130434"
555,"Mallrats United","Comedy","7","22","70.78","21","2005-08-23 21:59:57","5 days 17:30:40.909091"
556,"Maltese Hope","Games","7","21","118.79","21","2005-08-23 16:43:54","3 days 34:21:02.857142"
557,"Manchurian Curtain","Family","5","14","59.86","14","2005-08-23 21:10:24","4 days 33:45:04.285714"
558,"Mannequin Worst","New","2","5","23.95","5","2005-08-22 17:49:35","4 days 09:56:24"
559,"Married Go","Sci-Fi","8","26","84.74","26","2005-08-22 19:56:41","4 days 16:50:57.692307"
560,"Mars Roman","Games","5","17","30.83","17","2005-08-22 18:53:28","5 days 16:45:07.058824"
561,"Mask Peach","New","4","14","49.86","13","2005-08-22 15:56:42","4 days 23:57:47.142857"
562,"Masked Bubble","Music","6","19","24.81","18","2005-08-23 11:30:32","3 days 21:32:25.263157"
563,"Massacre Usual","Games","7","25","149.75","24","2005-08-23 17:02:00","5 days 18:26:36"
564,"Massage Image","Animation","3","11","56.89","11","2005-08-21 13:53:33","5 days 13:22:21.818182"
565,"Matrix Snowman","Foreign","2","8","40.92","8","2005-08-21 09:20:03","3 days 21:39:15"
566,"Maude Mod","Foreign","2","7","10.93","7","2005-08-19 12:04:03","4 days 22:28:42.857143"
567,"Meet Chocolate","Foreign","4","11","56.89","11","2005-08-23 20:44:10","4 days 20:27:10.909091"
568,"Memento Zoolander","Comedy","4","13","88.87","12","2005-08-22 21:01:25","4 days 34:40:04.615385"
569,"Menagerie Rushmore","Animation","2","6","18.94","6","2005-08-23 01:38:48","5 days 08:58:00"
570,"Mermaid Insects","Sports","5","15","94.85","15","2005-08-22 07:04:25","4 days 23:13:52"
571,"Metal Armageddon","Documentary","6","21","88.79","21","2005-08-22 23:58:09","5 days 27:35:08.571428"
572,"Metropolis Coma","Sci-Fi","8","24","116.76","24","2005-08-22 13:19:25","4 days 26:23:17.5"
573,"Microcosmos Paradise","Children","4","12","43.88","12","2005-08-23 22:14:31","5 days 14:46:45"
574,"Midnight Westward","Action","5","16","38.84","15","2006-02-14 15:16:03","3 days 21:48:00"
575,"Midsummer Groundhog","Documentary","6","18","129.82","18","2005-08-21 19:59:30","3 days 37:10:06.666667"
576,"Mighty Luck","Documentary","3","10","31.90","9","2005-08-23 08:09:11","5 days 17:16:00"
577,"Mile Mulan","Sports","3","11","33.89","11","2005-08-21 13:22:48","5 days 11:13:27.272727"
578,"Million Ace","Classics","5","17","103.83","17","2005-08-23 02:05:51","3 days 32:12:38.823529"
579,"Minds Truman","Action","7","19","144.81","18","2005-08-22 14:27:46","4 days 29:10:50.526316"
580,"Mine Titans","New","6","17","138.83","17","2005-08-23 20:20:23","5 days 19:14:10.588236"
581,"Minority Kiss","Music","3","12","27.89","11","2006-02-14 15:16:03","4 days 23:39:49.090909"
582,"Miracle Virtual","Animation","2","8","41.92","8","2005-08-18 15:15:44","4 days 27:33:37.5"
583,"Mission Zoolander","Animation","5","16","110.84","16","2005-08-22 04:51:42","4 days 13:23:30"
584,"Mixed Doors","Foreign","2","4","15.96","4","2005-08-21 18:34:21","5 days 22:52:45"
585,"Mob Duffel","Drama","4","10","27.90","10","2005-08-23 22:50:12","4 days 30:31:06"
586,"Mockingbird Hollywood","Action","8","22","53.78","22","2006-02-14 15:16:03","4 days 19:18:31.428571"
587,"Mod Secretary","Documentary","3","9","48.91","9","2005-08-21 09:16:40","4 days 10:16:00"
588,"Model Fish","Children","4","13","76.87","12","2005-08-21 17:30:17","3 days 18:12:09.23077"
589,"Modern Dorado","Documentary","4","12","42.88","12","2005-08-23 14:31:50","5 days 11:50:20"
590,"Money Harold","New","7","20","111.80","20","2005-08-22 10:55:45","4 days 25:57:15"
591,"Monsoon Cause","Games","3","9","54.91","9","2005-08-19 10:33:52","5 days 14:57:46.666667"
592,"Monster Spartacus","Music","4","14","48.86","14","2006-02-14 15:16:03","4 days 24:52:36.923077"
593,"Monterey Labyrinth","Horror","4","11","19.89","11","2005-08-22 07:16:45","3 days 33:05:49.090909"
594,"Montezuma Command","Action","3","9","11.91","9","2005-08-23 14:35:10","3 days 27:31:53.333333"
595,"Moon Bunch","Foreign","8","26","35.74","26","2005-08-22 10:49:06","4 days 22:17:16.153846"
596,"Moonshine Cabin","Games","6","20","131.80","20","2005-08-22 19:37:20","4 days 22:35:00"
597,"Moonwalker Fool","Games","4","11","75.89","11","2006-02-14 15:16:03","5 days 29:23:30"
598,"Mosquito Armageddon","Sports","4","11","16.89","11","2006-02-14 15:16:03","4 days 24:50:42"
599,"Mother Oleander","Sports","5","13","63.87","13","2005-08-23 15:59:51","6 days 15:36:18.461539"
600,"Motions Details","Horror","4","14","25.87","14","2006-02-14 15:16:03","3 days 31:33:46.153846"
601,"Moulin Wake","Travel","5","16","51.84","16","2005-08-22 10:24:32","5 days 18:29:15"
602,"Mourning Purple","Sci-Fi","5","19","39.81","18","2005-08-22 19:54:52","4 days 16:04:44.210526"
603,"Movie Shakespeare","Family","6","23","125.78","22","2006-02-14 15:16:03","4 days 24:41:57.272728"
604,"Mulan Moon","Comedy","3","11","30.89","11","2006-02-14 15:16:03","4 days 26:33:54"
605,"Mulholland Beast","Foreign","2","7","21.93","7","2006-02-14 15:16:03","4 days 20:29:20"
606,"Mummy Creatures","Sports","6","15","55.85","15","2006-02-14 15:16:03","5 days 17:35:21.428571"
608,"Murder Antitrust","Children","6","21","78.79","21","2005-08-23 20:47:12","4 days 35:09:17.142857"
609,"Muscle Bright","Travel","8","27","86.73","27","2005-08-23 00:07:53","3 days 30:45:53.333333"
610,"Music Boondock","Family","5","17","20.83","17","2005-08-23 16:17:09","4 days 22:33:00"
611,"Musketeers Wait","Classics","6","15","82.85","14","2005-08-21 02:23:25","3 days 32:18:36"
612,"Mussolini Spoilers","Sports","2","5","15.95","5","2005-08-19 20:53:43","3 days 24:55:36"
613,"Mystic Truman","Comedy","2","8","17.92","8","2005-08-23 16:44:56","4 days 30:00:15"
614,"Name Detective","Games","6","22","131.78","22","2006-02-14 15:16:03","4 days 13:59:11.428571"
615,"Nash Chocolat","Animation","4","13","58.87","13","2005-08-22 06:19:37","5 days 34:21:36.923077"
616,"National Story","Documentary","6","17","76.83","17","2005-08-23 11:16:29","4 days 19:51:21.17647"
617,"Natural Stock","Family","3","12","31.88","12","2005-08-23 11:02:00","4 days 22:25:35"
618,"Necklace Outbreak","Drama","4","14","36.86","14","2005-08-23 09:35:34","3 days 31:49:55.714286"
619,"Neighbors Charade","Sports","6","17","62.83","17","2005-08-21 23:40:28","4 days 34:16:49.411764"
620,"Nemo Campus","Sci-Fi","5","14","59.86","14","2005-08-23 03:03:40","4 days 15:22:34.285715"
621,"Network Peak","Family","8","27","116.73","27","2005-08-23 09:07:11","5 days 13:24:00"
622,"Newsies Story","Documentary","2","7","22.93","7","2005-08-23 10:04:17","5 days 12:10:51.428571"
623,"Newton Labyrinth","Foreign","5","16","46.84","16","2005-08-22 11:43:42","5 days 13:31:52.5"
624,"Nightmare Chill","Games","7","21","148.79","21","2005-08-23 20:40:31","4 days 21:21:28.571428"
625,"None Spiking","Sci-Fi","7","25","79.75","24","2006-02-14 15:16:03","4 days 28:22:30"
626,"Noon Papi","Children","4","15","60.85","15","2005-08-20 12:33:36","4 days 28:28:16"
627,"North Tequila","Documentary","3","9","51.91","9","2005-08-23 14:06:19","3 days 17:44:06.666667"
628,"Northwest Polish","Sports","5","18","77.82","18","2005-08-23 20:12:17","5 days 22:47:30"
629,"Notorious Reunion","Documentary","4","13","24.87","12","2005-08-22 10:58:45","6 days 24:56:23.076923"
630,"Notting Speakeasy","Drama","3","9","12.91","9","2005-08-22 05:38:32","4 days 27:07:46.666667"
631,"Novocaine Flight","Sports","5","18","49.82","18","2005-08-22 23:06:25","4 days 28:15:33.333333"
632,"Nuts Ties","New","3","9","53.91","9","2005-08-23 18:43:22","4 days 24:35:00"
633,"October Submarine","Classics","3","10","57.90","10","2005-08-23 18:43:31","4 days 32:37:48"
634,"Odds Boogie","Family","4","13","19.87","13","2005-08-23 14:01:07","4 days 29:26:41.538462"
635,"Oklahoma Jumanji","New","2","6","5.94","6","2005-08-23 03:44:30","4 days 25:31:00"
636,"Oleander Clue","Music","3","9","24.91","9","2005-08-22 10:00:04","5 days 30:55:26.666667"
637,"Open African","Sci-Fi","5","19","103.81","19","2005-08-23 17:39:35","4 days 21:41:18.947368"
638,"Operation Operation","Comedy","8","25","80.75","24","2006-02-14 15:16:03","3 days 31:59:27.5"
639,"Opposite Necklace","Family","3","11","56.89","11","2006-02-14 15:16:03","3 days 28:39:42"
640,"Opus Ice","Foreign","3","10","60.90","10","2005-08-22 06:10:53","4 days 31:34:48"
641,"Orange Grapes","Foreign","7","22","61.78","22","2005-08-23 20:13:31","4 days 33:10:43.636363"
643,"Orient Closer","Drama","6","17","80.83","16","2005-08-23 21:44:27","3 days 30:04:14.117647"
644,"Oscar Gold","Animation","7","25","83.75","24","2005-08-23 15:09:17","4 days 23:52:33.6"
645,"Others Soup","Travel","6","20","70.80","20","2005-08-23 13:05:10","4 days 28:58:54"
646,"Outbreak Divine","Games","5","18","31.82","16","2005-08-23 10:22:21","4 days 27:03:26.666667"
647,"Outfield Massacre","Music","6","18","54.82","18","2006-02-14 15:16:03","4 days 36:05:00"
648,"Outlaw Hanky","Travel","6","14","73.86","13","2006-02-14 15:16:03","4 days 22:07:04.615385"
649,"Oz Liaisons","Animation","6","22","87.78","21","2005-08-23 04:00:30","3 days 24:46:16.363636"
650,"Pacific Amistad","Documentary","6","19","43.81","19","2005-08-23 02:25:09","3 days 15:20:37.894737"
651,"Packer Madigan","Animation","6","20","58.80","20","2005-08-23 02:02:53","4 days 16:45:06"
652,"Pajama Jawbreaker","Classics","4","14","39.86","14","2005-08-21 23:47:16","4 days 16:35:34.285714"
653,"Panic Club","Horror","2","7","51.93","7","2005-08-22 17:32:57","4 days 31:06:25.714285"
654,"Panky Submarine","Games","4","12","86.88","12","2005-08-19 09:34:02","5 days 28:42:15"
655,"Panther Reds","Sci-Fi","6","14","83.86","14","2005-08-22 17:22:41","4 days 22:52:08.571429"
656,"Papi Necklace","Travel","2","7","27.93","7","2005-08-17 17:16:42","5 days 16:13:08.571429"
657,"Paradise Sabrina","Comedy","6","18","79.82","18","2005-08-22 02:13:51","4 days 31:01:10"
658,"Paris Weekend","Horror","4","12","40.88","12","2005-08-23 07:23:29","5 days 22:06:20"
659,"Park Citizen","Action","2","6","48.94","6","2005-08-20 20:26:53","5 days 20:34:50"
660,"Party Knock","Comedy","4","12","41.88","12","2005-08-23 17:44:53","5 days 10:04:10"
661,"Past Suicides","Foreign","4","12","66.88","12","2005-08-20 21:50:11","3 days 34:13:00"
662,"Paths Control","Drama","4","10","81.90","10","2005-08-23 16:18:12","5 days 24:58:00"
663,"Patient Sister","Classics","5","18","21.82","18","2005-08-23 19:10:32","3 days 23:28:43.333333"
664,"Patriot Roman","Action","5","15","52.85","15","2005-08-22 16:40:21","5 days 16:45:12"
665,"Patton Interview","Horror","7","21","94.79","20","2005-08-23 08:52:50","4 days 23:18:08.571429"
666,"Paycheck Wait","Drama","5","16","101.84","16","2005-08-23 16:50:53","4 days 17:01:48.75"
667,"Peach Innocent","Sports","4","13","80.86","13","2006-02-14 15:16:03","5 days 19:27:50"
668,"Peak Forever","Sports","5","18","94.82","18","2005-08-23 15:08:00","4 days 13:22:26.666667"
670,"Pelican Comforts","Documentary","7","23","165.77","23","2005-08-23 21:07:59","5 days 19:07:46.956522"
672,"Perfect Groove","Comedy","6","16","53.84","16","2005-08-23 21:37:59","5 days 27:26:37.5"
673,"Personal Ladybugs","Music","4","13","43.87","13","2005-08-22 15:30:25","4 days 30:41:55.384616"
674,"Pet Haunting","Foreign","3","8","26.92","8","2005-08-22 08:43:50","4 days 27:03:37.5"
675,"Phantom Glory","New","2","6","21.94","6","2005-08-19 05:11:47","3 days 30:14:40"
676,"Philadelphia Wife","Sports","6","21","107.80","20","2006-02-14 15:16:03","5 days 14:58:27"
677,"Pianist Outfield","New","7","21","38.78","21","2006-02-14 15:16:03","4 days 11:49:54"
678,"Pickup Driving","Sports","4","15","93.85","15","2005-08-20 12:11:28","5 days 26:50:32"
679,"Pilot Hoosiers","Family","4","14","51.86","14","2005-08-20 05:50:05","4 days 31:25:04.285714"
680,"Pinocchio Simon","Comedy","6","18","119.82","18","2005-08-23 21:30:45","4 days 26:11:20"
681,"Pirates Roxanne","Sports","6","18","45.81","18","2006-02-14 15:16:03","4 days 23:32:10.588236"
682,"Pittsburgh Hunchback","Family","3","11","83.89","11","2005-08-22 06:37:43","6 days 17:00:49.09091"
683,"Pity Bound","Drama","8","23","138.77","23","2005-08-23 21:25:03","4 days 18:05:44.347826"
684,"Pizza Jumanji","Games","2","6","25.94","6","2005-08-21 06:20:14","4 days 22:58:20"
685,"Platoon Instinct","New","2","8","40.92","8","2005-08-21 10:16:27","3 days 17:41:30"
686,"Pluto Oleander","New","4","13","73.87","13","2005-08-21 13:52:54","3 days 30:39:23.076924"
687,"Pocus Pulp","Documentary","7","25","40.75","25","2005-08-23 15:21:19","4 days 21:50:16.8"
688,"Polish Brooklyn","Children","4","15","18.85","15","2005-08-23 13:48:34","4 days 19:52:08"
689,"Pollock Deliverance","Foreign","6","17","66.82","16","2006-02-14 15:16:03","4 days 17:31:26.25"
690,"Pond Seattle","Animation","6","18","61.82","17","2005-08-22 11:09:18","5 days 19:21:03.333333"
691,"Poseidon Forever","Sports","5","17","100.83","17","2005-08-23 20:22:17","4 days 32:55:00"
692,"Potluck Mixed","Animation","3","10","43.90","10","2005-08-23 06:48:47","3 days 24:00:18"
693,"Potter Connecticut","Animation","5","15","62.85","15","2005-08-22 01:20:19","4 days 27:48:20"
694,"Prejudice Oleander","Classics","6","19","110.81","19","2005-08-21 15:59:40","5 days 18:10:06.315789"
695,"President Bang","Family","2","6","35.94","6","2005-08-21 08:33:42","4 days 24:01:40"
696,"Pride Alamo","Animation","5","15","17.85","15","2006-02-14 15:16:03","2 days 28:59:42.857143"
697,"Primary Glass","Action","8","27","36.73","26","2005-08-21 08:58:38","3 days 33:51:17.777778"
698,"Princess Giant","Documentary","7","24","121.77","23","2006-02-14 15:16:03","4 days 25:30:49.565218"
699,"Private Drop","Games","2","5","26.95","5","2005-08-19 23:48:23","4 days 22:47:24"
700,"Prix Undefeated","Family","3","10","37.90","10","2005-08-20 13:26:37","2 days 34:11:30"
702,"Pulp Beverly","Horror","8","26","121.74","26","2006-02-14 15:16:03","4 days 30:40:40.8"
703,"Punk Divorce","Animation","2","7","41.93","7","2005-08-20 16:51:18","4 days 25:53:34.285715"
704,"Pure Runner","Comedy","5","15","89.85","15","2006-02-14 15:16:03","5 days 27:02:47.142857"
705,"Purple Movie","Foreign","4","12","52.88","12","2005-08-23 18:44:21","3 days 27:38:15"
706,"Queen Luke","Drama","6","21","128.79","21","2006-02-14 15:16:03","4 days 28:30:45"
707,"Quest Mussolini","Action","6","20","77.80","20","2005-08-23 08:19:55","3 days 30:30:33"
708,"Quills Bull","Documentary","4","13","77.87","13","2005-08-23 08:51:21","3 days 28:38:18.461538"
709,"Racer Egg","Drama","6","17","54.83","17","2005-08-23 17:36:00","4 days 19:00:17.647059"
710,"Rage Games","Family","6","19","119.81","19","2005-08-23 21:02:43","3 days 30:25:56.842105"
711,"Raging Airplane","Sci-Fi","4","12","77.88","12","2005-08-23 02:51:27","4 days 14:38:40"
714,"Random Go","Sci-Fi","3","9","31.91","9","2005-08-20 23:47:54","4 days 30:44:00"
715,"Range Moonwalker","Family","7","23","158.77","23","2005-08-23 11:35:12","4 days 11:59:36.521739"
716,"Reap Unfaithful","Horror","5","16","62.84","16","2005-08-23 05:32:03","4 days 32:16:41.25"
717,"Rear Trading","Action","4","15","27.85","15","2005-08-22 21:15:46","4 days 31:38:32"
718,"Rebel Airport","Music","2","7","6.93","7","2005-08-23 01:59:14","4 days 21:25:17.142857"
719,"Records Zorro","Sports","2","7","38.93","7","2005-08-23 21:00:22","5 days 13:03:25.714286"
720,"Redemption Comforts","New","7","20","113.80","20","2005-08-23 01:14:01","4 days 29:11:54"
721,"Reds Pocus","Music","2","8","47.92","8","2005-08-23 21:04:51","6 days 31:29:07.5"
722,"Reef Salute","Horror","4","11","23.89","11","2005-08-22 16:32:23","5 days 11:25:49.09091"
723,"Reign Gentlemen","Sci-Fi","7","19","105.81","19","2005-08-23 13:43:26","5 days 11:44:09.473684"
724,"Remember Diary","Family","6","17","70.83","17","2005-08-23 08:54:26","4 days 23:20:28.235294"
725,"Requiem Tycoon","Classics","6","18","105.82","18","2005-08-23 09:37:34","4 days 21:14:36.666667"
726,"Reservoir Adaptation","Foreign","3","9","29.91","9","2005-08-23 01:57:20","5 days 17:20:33.333333"
727,"Resurrection Silverado","Family","5","19","24.81","19","2005-08-22 06:46:59","4 days 19:32:18.947368"
728,"Reunion Witches","Drama","5","18","50.82","18","2005-08-23 07:43:00","3 days 27:40:43.333333"
729,"Rider Caddyshack","Sports","4","11","48.89","11","2005-08-22 17:00:31","5 days 17:54:16.363637"
730,"Ridgemont Submarine","New","8","28","110.72","28","2006-02-14 15:16:03","5 days 21:05:13.333333"
731,"Right Cranes","Classics","3","10","52.90","10","2005-08-21 06:39:08","4 days 24:20:00"
732,"Rings Heartbreakers","Action","4","13","31.87","13","2005-08-23 02:55:42","5 days 29:18:36.923077"
733,"River Outlaw","Sports","7","19","56.82","19","2006-02-14 15:16:03","5 days 13:01:03.333333"
734,"Road Roxanne","Documentary","6","17","115.83","17","2005-08-23 14:29:16","4 days 31:36:03.529411"
735,"Robbers Joon","Children","7","26","85.74","26","2005-08-22 04:09:18","3 days 36:27:48.461539"
736,"Robbery Bright","Family","4","12","32.88","12","2005-08-21 21:27:24","4 days 18:28:30"
737,"Rock Instinct","Horror","6","17","48.83","15","2005-08-23 07:54:54","4 days 25:21:45.882353"
738,"Rocketeer Mother","Foreign","8","28","97.72","27","2005-08-23 20:10:13","4 days 33:07:32.142857"
739,"Rocky War","Drama","5","13","88.87","13","2005-08-22 20:41:53","4 days 19:58:32.307693"
740,"Rollercoaster Bringing","Horror","3","9","39.91","9","2005-08-23 21:26:35","5 days 15:50:20"
741,"Roman Punk","Music","6","21","25.79","20","2005-08-23 15:59:12","4 days 28:25:31.428572"
743,"Room Roman","Animation","6","18","27.82","18","2005-08-22 21:42:17","4 days 32:42:00"
744,"Roots Remember","Classics","5","14","37.86","14","2005-08-23 16:27:24","4 days 28:36:21.428572"
745,"Roses Treasure","Sports","8","23","137.77","23","2005-08-23 18:15:06","3 days 36:07:44.347826"
746,"Rouge Squad","Games","5","16","51.84","15","2005-08-23 11:33:25","4 days 23:23:33.75"
747,"Roxanne Rebel","Games","5","17","29.83","16","2005-08-23 09:01:10","3 days 31:51:28.235294"
748,"Rugrats Shakespeare","Action","8","28","67.72","28","2005-08-23 20:47:28","4 days 14:58:34.285714"
749,"Rules Human","Horror","4","13","78.87","13","2005-08-22 06:53:21","5 days 26:11:13.846154"
750,"Run Pacific","New","3","9","42.91","9","2005-08-22 08:52:53","6 days 18:47:46.666667"
751,"Runaway Tenenbaums","New","2","7","11.93","7","2005-08-21 06:18:22","4 days 31:01:17.142857"
752,"Runner Madigan","Music","3","8","14.92","8","2005-08-19 11:33:20","3 days 24:08:07.5"
753,"Rush Goodfellas","Family","8","28","81.72","27","2005-08-22 10:29:44","4 days 12:36:10.714285"
754,"Rushmore Mermaid","Comedy","2","6","18.94","6","2005-08-22 01:58:15","3 days 06:47:50"
755,"Sabrina Midnight","Children","7","21","126.79","21","2005-08-21 20:53:40","4 days 13:46:00"
756,"Saddle Antitrust","Comedy","3","11","32.89","11","2005-08-23 19:46:39","4 days 12:46:49.090909"
757,"Sagebrush Clueless","Documentary","5","14","83.86","14","2005-08-23 12:43:30","6 days 17:29:47.142857"
758,"Saints Bride","Drama","3","8","31.92","8","2005-08-23 19:59:33","4 days 16:45:30"
759,"Salute Apollo","New","6","20","95.80","20","2005-08-22 19:09:52","4 days 19:45:39"
760,"Samurai Lion","New","7","24","101.76","24","2005-08-23 08:59:12","4 days 29:34:47.5"
761,"Santa Paris","Children","3","10","29.90","10","2005-08-23 20:20:37","4 days 17:07:54"
762,"Sassy Packer","Games","4","12","14.88","12","2005-08-22 21:19:24","3 days 38:03:40"
763,"Satisfaction Confidential","Sports","5","16","122.84","16","2005-08-22 21:05:50","4 days 31:29:30"
764,"Saturday Lambs","Sports","8","26","190.74","26","2005-08-23 19:42:04","4 days 25:37:06.923077"
765,"Saturn Name","Comedy","4","13","70.87","13","2005-08-23 18:36:44","4 days 32:57:13.846154"
766,"Savannah Town","Drama","3","10","22.90","10","2005-08-22 06:07:52","4 days 30:44:42"
767,"Scalawag Duck","Music","8","29","157.71","29","2005-08-23 17:13:01","3 days 31:45:18.62069"
768,"Scarface Bang","Children","6","16","106.84","16","2006-02-14 15:16:03","3 days 34:27:20"
769,"School Jacket","Foreign","2","6","35.94","6","2005-08-21 09:25:11","4 days 28:50:00"
770,"Scissorhands Slums","Foreign","3","12","42.88","12","2005-08-22 05:59:59","2 days 30:40:15"
771,"Scorpion Apollo","Drama","7","21","158.79","21","2005-08-23 22:19:33","4 days 28:01:54.285714"
772,"Sea Virgin","Drama","6","19","84.81","19","2005-08-23 05:49:21","4 days 19:09:50.526315"
773,"Seabiscuit Punk","Sports","8","24","86.76","24","2006-02-14 15:16:03","4 days 29:51:36.521739"
774,"Searchers Wait","Comedy","4","14","75.86","14","2005-08-20 21:26:55","4 days 28:14:17.142857"
775,"Seattle Expecations","Drama","5","19","125.80","19","2006-02-14 15:16:03","4 days 25:47:40"
776,"Secret Groundhog","Documentary","5","19","105.81","19","2005-08-22 20:27:38","4 days 16:13:03.157895"
777,"Secretary Rouge","Sports","6","18","112.82","18","2005-08-22 23:19:44","5 days 10:45:33.333333"
778,"Secrets Paradise","Family","6","18","139.82","18","2005-08-22 21:01:48","5 days 12:05:16.666667"
779,"Sense Greek","Sports","2","7","47.93","7","2005-08-23 17:52:01","4 days 13:33:42.857143"
780,"Sensibility Rear","Family","3","10","52.90","10","2005-08-21 14:57:03","3 days 28:51:12"
781,"Seven Swarm","Games","2","5","30.95","5","2005-08-23 04:28:25","4 days 14:19:48"
782,"Shakespeare Saddle","Sports","6","20","76.80","20","2005-08-22 02:26:33","5 days 18:11:18"
783,"Shane Darkness","Travel","4","13","52.87","13","2005-08-22 07:32:23","5 days 12:29:00"
784,"Shanghai Tycoon","Travel","6","14","43.86","14","2005-08-21 19:01:36","3 days 22:51:47.142857"
785,"Shawshank Bubble","Travel","6","19","109.81","18","2006-02-14 15:16:03","5 days 12:28:13.333333"
786,"Shepherd Midsummer","Children","7","23","28.77","23","2005-08-23 19:51:29","4 days 18:00:00"
787,"Shining Roses","Travel","3","8","22.92","8","2005-08-23 15:05:59","4 days 30:30:00"
788,"Ship Wonderland","Documentary","4","14","44.86","14","2005-08-22 01:35:37","2 days 27:12:30"
789,"Shock Cabin","Foreign","8","29","96.71","29","2006-02-14 15:16:03","5 days 09:34:20"
790,"Shootist Superfly","Drama","7","23","36.77","23","2005-08-23 05:01:13","4 days 23:23:05.217391"
791,"Show Lord","Documentary","6","22","145.78","22","2005-08-23 16:58:12","3 days 26:02:35.454545"
792,"Shrek License","Foreign","3","12","37.88","12","2006-02-14 15:16:03","3 days 11:20:00"
793,"Shrunk Divine","Action","4","13","46.87","13","2005-08-23 18:51:41","4 days 31:56:55.384615"
794,"Side Ark","Action","4","12","29.88","12","2005-08-23 15:01:54","5 days 26:11:35"
795,"Siege Madre","Family","4","14","16.86","14","2005-08-23 06:33:26","4 days 28:15:55.714286"
796,"Sierra Divide","Sports","5","15","57.85","15","2005-08-23 10:35:45","5 days 14:51:08"
797,"Silence Kane","Music","5","15","15.85","15","2005-08-22 20:55:56","4 days 27:52:20"
798,"Silverado Goldfinger","Sci-Fi","4","12","91.88","12","2006-02-14 15:16:03","6 days 16:58:49.090909"
799,"Simon North","Horror","2","6","18.94","6","2005-08-23 01:22:12","4 days 26:09:50"
800,"Sinners Atlantis","Horror","6","19","60.81","18","2005-08-22 14:59:30","4 days 24:51:50.526316"
803,"Slacker Liaisons","Drama","6","16","86.84","15","2005-08-23 13:18:46","4 days 20:24:11.25"
804,"Sleeping Suspects","Horror","7","22","121.78","22","2006-02-14 15:16:03","4 days 24:19:05.714286"
805,"Sleepless Monsoon","Animation","5","17","103.83","16","2006-02-14 15:16:03","4 days 24:42:33.75"
806,"Sleepy Japanese","New","5","18","76.83","18","2006-02-14 15:16:03","4 days 27:20:24.705882"
807,"Sleuth Orient","Games","5","19","48.81","18","2005-08-22 08:21:21","4 days 23:21:00"
808,"Sling Luke","Classics","2","6","14.94","6","2005-08-18 20:20:59","4 days 31:40:50"
809,"Slipper Fidelity","Sports","4","14","24.86","14","2005-08-20 05:59:05","4 days 25:33:25.714286"
810,"Slums Duck","Family","7","22","48.78","22","2005-08-22 13:59:19","4 days 23:55:57.272727"
811,"Smile Earring","Travel","3","10","58.90","10","2005-08-19 19:11:41","6 days 16:57:42"
812,"Smoking Barbarella","Documentary","6","17","17.84","17","2006-02-14 15:16:03","3 days 28:08:22.5"
813,"Smoochy Control","Sports","4","12","14.88","12","2006-02-14 15:16:03","4 days 25:05:43.636363"
814,"Snatch Slipper","Comedy","7","20","117.80","19","2005-08-23 15:34:46","5 days 23:01:30"
815,"Snatchers Montezuma","Classics","3","9","37.91","9","2005-08-23 19:13:46","3 days 20:30:06.666667"
816,"Snowman Rollercoaster","Animation","7","21","65.79","21","2005-08-23 20:08:26","4 days 21:03:54.285714"
817,"Soldiers Evolution","Sci-Fi","2","7","36.93","7","2005-08-20 14:06:33","2 days 39:12:34.285714"
818,"Something Duck","Drama","5","18","120.82","18","2005-08-20 17:24:45","4 days 26:10:33.333333"
819,"Song Hedwig","Music","3","10","31.90","10","2006-02-14 15:16:03","4 days 24:17:13.333333"
820,"Sons Interview","Animation","6","14","75.85","13","2006-02-14 15:16:03","4 days 31:21:45"
821,"Sorority Queen","Foreign","4","12","19.88","12","2005-08-21 15:24:24","3 days 26:50:25"
822,"Soup Wisdom","Family","2","7","11.93","7","2005-08-20 22:40:47","3 days 26:19:25.714285"
823,"South Wait","Action","7","21","102.79","21","2006-02-14 15:16:03","4 days 30:41:54"
824,"Spartacus Cheaper","Family","4","9","60.91","9","2005-08-21 08:40:21","4 days 33:40:53.333333"
825,"Speakeasy Date","Action","3","11","41.89","11","2005-08-21 17:48:49","4 days 25:55:16.363636"
826,"Speed Suit","Travel","2","8","44.92","8","2005-08-20 14:42:34","5 days 24:01:52.5"
827,"Spice Sorority","Drama","6","19","106.81","19","2005-08-23 03:01:56","3 days 21:56:15.789473"
828,"Spiking Element","Classics","4","12","38.88","12","2005-08-22 13:03:52","4 days 18:44:00"
829,"Spinal Rocky","Family","5","13","39.87","13","2005-08-23 09:38:17","5 days 17:18:23.076923"
830,"Spirit Flintstones","Horror","4","14","14.86","14","2005-08-20 23:18:54","3 days 27:36:04.285714"
831,"Spirited Casualties","Sci-Fi","3","10","18.90","10","2005-08-23 06:21:20","4 days 33:05:00"
832,"Splash Gump","Family","4","14","33.86","14","2005-08-22 09:49:32","5 days 19:16:12.857143"
833,"Splendor Patton","Children","7","21","40.79","21","2005-08-23 14:23:03","4 days 18:29:48.571428"
834,"Spoilers Hellfighters","Documentary","3","9","18.91","9","2005-08-23 10:57:40","3 days 30:18:40"
835,"Spy Mile","Games","8","27","94.73","27","2005-08-22 16:37:36","4 days 26:33:24.444444"
836,"Squad Fish","Sports","3","7","27.93","7","2005-08-23 19:42:46","3 days 10:56:17.142857"
837,"Stage World","Comedy","3","10","46.90","10","2005-08-21 04:49:41","4 days 34:26:24"
838,"Stagecoach Armageddon","Action","6","23","138.77","23","2005-08-23 16:19:02","4 days 24:23:36.521739"
839,"Stallion Sundance","Sci-Fi","2","6","7.94","6","2005-08-23 07:13:43","2 days 36:40:30"
840,"Stampede Disturbing","Games","4","14","32.86","14","2005-08-23 06:19:51","4 days 25:18:00"
841,"Star Operation","Sports","7","20","83.80","20","2006-02-14 15:16:03","5 days 15:57:03.157894"
842,"State Wasteland","Games","4","12","55.89","12","2006-02-14 15:16:03","4 days 33:06:27.272727"
843,"Steel Santa","Classics","7","22","136.78","21","2005-08-23 17:16:28","3 days 34:19:51.818181"
844,"Steers Armageddon","Sports","4","15","85.85","15","2005-08-22 23:11:59","4 days 25:29:04"
845,"Stepmom Dream","Foreign","7","19","99.81","19","2005-08-22 22:12:02","4 days 34:02:31.578947"
846,"Sting Personal","New","8","20","149.80","20","2005-08-23 22:21:03","4 days 25:24:15"
847,"Stock Glass","New","4","13","42.87","13","2005-08-23 09:23:08","3 days 18:26:18.461538"
848,"Stone Fire","Travel","3","10","32.90","10","2005-08-22 22:49:13","4 days 25:48:30"
849,"Storm Happiness","Animation","8","26","42.74","26","2005-08-22 20:44:35","4 days 23:40:57.692308"
850,"Story Side","Action","7","26","35.74","26","2005-08-23 17:48:30","3 days 29:29:46.153846"
851,"Straight Hours","Sports","6","19","55.81","19","2005-08-22 16:33:39","3 days 32:38:31.578948"
852,"Strangelove Desire","Children","7","22","79.78","22","2005-08-21 19:12:12","5 days 28:07:40.909091"
853,"Stranger Strangers","Children","3","10","65.90","10","2005-08-20 15:18:20","3 days 24:13:36"
854,"Strangers Graffiti","Horror","4","14","104.86","13","2005-08-23 11:17:26","5 days 27:33:55.714286"
855,"Streak Ridgemont","Documentary","4","13","17.87","13","2006-02-14 15:16:03","4 days 36:20:40"
856,"Streetcar Intentions","Horror","8","23","137.77","21","2005-08-23 02:08:18","3 days 29:31:36.521739"
857,"Strictly Scarface","Comedy","7","23","113.77","23","2005-08-23 20:23:08","4 days 15:22:18.26087"
858,"Submarine Bed","Comedy","4","13","78.87","13","2005-08-21 10:22:51","3 days 35:32:55.384616"
859,"Sugar Wonka","Animation","6","15","93.85","15","2005-08-23 03:03:53","3 days 17:18:24"
861,"Suit Walls","Games","6","19","134.81","18","2006-02-14 15:16:03","4 days 27:36:10.588235"
862,"Summer Scarface","Classics","5","14","32.86","14","2006-02-14 15:16:03","5 days 13:35:18.461538"
863,"Sun Confessions","Sci-Fi","7","23","50.77","22","2005-08-22 10:07:52","4 days 32:08:28.695652"
864,"Sundance Invasion","Children","6","18","36.82","18","2006-02-14 15:16:03","4 days 19:06:24.705882"
865,"Sunrise League","Animation","6","22","155.78","21","2005-08-22 11:01:15","4 days 19:54:16.363637"
866,"Sunset Racer","Family","2","7","11.93","7","2005-08-23 09:40:04","5 days 17:00:25.714286"
867,"Super Wyoming","Family","4","12","78.88","12","2005-08-20 17:58:00","5 days 19:44:10"
868,"Superfly Trip","Travel","3","9","16.91","9","2005-08-18 18:58:35","3 days 23:40:20"
869,"Suspects Quills","Action","7","27","118.73","25","2006-02-14 15:16:03","4 days 22:49:20.769231"
870,"Swarm Gold","Horror","8","23","64.77","23","2006-02-14 15:16:03","4 days 26:54:54.545454"
871,"Sweden Shining","Comedy","5","16","101.83","16","2006-02-14 15:16:03","6 days 17:54:28"
872,"Sweet Brotherhood","Travel","3","11","58.89","11","2005-08-23 19:35:42","4 days 16:49:21.818182"
873,"Sweethearts Suspects","Children","8","27","93.73","26","2006-02-14 15:16:03","4 days 32:19:06.923077"
875,"Talented Homicide","Sports","7","24","34.76","23","2005-08-23 03:46:47","4 days 17:10:00"
876,"Tarzan Videotape","Horror","2","8","40.92","8","2005-08-22 01:32:14","4 days 13:12:52.5"
877,"Taxi Kick","Music","5","17","34.83","17","2005-08-22 08:27:27","3 days 37:42:24.705883"
878,"Teen Apollo","Travel","4","14","109.86","14","2005-08-21 03:32:03","4 days 37:13:00"
879,"Telegraph Voyage","Music","7","25","215.75","25","2005-08-23 08:27:57","6 days 14:27:33.6"
880,"Telemark Heartbreakers","Animation","8","24","88.76","22","2005-08-23 06:19:12","4 days 21:59:35"
881,"Temple Attraction","Horror","4","10","57.90","10","2005-08-23 06:09:44","3 days 34:37:18"
882,"Tenenbaums Command","Drama","4","12","19.88","12","2005-08-22 21:13:51","2 days 28:23:35"
883,"Tequila Past","Children","2","6","32.94","6","2005-08-22 07:48:01","2 days 32:05:20"
884,"Terminator Club","Music","3","6","39.94","6","2005-08-22 06:49:15","5 days 28:02:40"
885,"Texas Watch","Horror","2","6","5.94","6","2005-08-21 21:02:22","2 days 24:24:00"
886,"Theory Mermaid","Animation","4","11","30.88","11","2006-02-14 15:16:03","5 days 16:54:06"
887,"Thief Pelican","Animation","6","16","97.84","16","2005-08-22 14:23:11","4 days 28:39:11.25"
888,"Thin Sagebrush","Documentary","4","11","73.89","11","2005-08-21 19:19:21","5 days 12:14:00"
889,"Ties Hunger","Children","3","9","69.91","9","2005-08-23 15:41:20","5 days 17:37:00"
890,"Tights Dawn","Sports","7","24","54.76","23","2005-08-23 07:07:22","4 days 28:52:37.5"
891,"Timberland Sky","Classics","7","26","102.74","26","2005-08-23 00:53:57","5 days 18:09:27.692307"
892,"Titanic Boondock","Animation","7","22","149.78","21","2006-02-14 15:16:03","4 days 19:28:03"
893,"Titans Jerk","Sci-Fi","8","27","186.73","27","2006-02-14 15:16:03","5 days 12:11:25.384615"
894,"Tomatoes Hellfighters","Travel","5","14","19.86","14","2005-08-21 14:11:19","3 days 33:22:51.428572"
895,"Tomorrow Hustler","Classics","7","24","101.76","24","2005-08-23 22:20:26","3 days 23:50:27.5"
896,"Tootsie Pilot","Children","4","12","28.88","12","2005-08-22 18:48:42","3 days 23:27:20"
897,"Torque Bound","Drama","8","23","169.76","23","2006-02-14 15:16:03","4 days 23:28:40.909091"
898,"Tourist Pelican","Sports","5","19","126.81","19","2005-08-21 12:48:48","4 days 27:07:31.578948"
899,"Towers Hurricane","Classics","3","9","10.91","9","2005-08-18 02:37:07","3 days 28:15:33.333333"
900,"Town Ark","Foreign","4","13","46.87","13","2005-08-22 18:05:21","3 days 31:28:41.538462"
901,"Tracy Cider","Animation","7","24","78.76","24","2005-08-23 14:02:13","4 days 28:47:40"
902,"Trading Pinocchio","Sports","7","23","133.77","23","2006-02-14 15:16:03","5 days 10:21:43.636364"
903,"Traffic Hobbit","Travel","2","5","24.95","5","2005-08-21 16:24:45","2 days 33:38:12"
904,"Train Bunch","Horror","2","4","24.96","4","2005-08-23 21:56:04","3 days 08:23:00"
905,"Trainspotting Strangers","Comedy","3","9","46.91","9","2005-08-23 19:22:36","4 days 30:14:40"
906,"Tramp Others","Comedy","5","18","40.82","17","2005-08-22 11:05:34","4 days 24:25:06.666667"
907,"Translation Summer","Drama","4","13","25.87","13","2005-08-20 11:37:56","3 days 30:10:04.615384"
908,"Trap Guys","Foreign","4","15","119.85","15","2005-08-22 23:48:56","4 days 37:50:28"
910,"Treatment Jekyll","Drama","2","6","6.94","6","2005-08-21 04:09:18","2 days 15:28:00"
911,"Trip Newton","Action","8","26","135.74","24","2005-08-23 11:37:32","3 days 30:36:46.153846"
912,"Trojan Tomorrow","Sci-Fi","6","17","75.82","17","2006-02-14 15:16:03","3 days 20:17:37.5"
913,"Troopers Metal","New","6","14","46.86","14","2005-08-23 07:25:29","4 days 24:55:30"
914,"Trouble Date","Travel","6","20","70.81","20","2006-02-14 15:16:03","4 days 36:40:28.421053"
915,"Truman Crazy","Action","6","20","104.80","19","2005-08-22 21:18:59","3 days 35:35:54"
916,"Turn Star","Animation","4","12","56.88","12","2005-08-22 16:06:23","3 days 23:46:30"
917,"Tuxedo Mile","Sports","5","13","76.87","13","2006-02-14 15:16:03","5 days 23:08:40"
918,"Twisted Pirates","Children","4","11","66.89","11","2005-08-23 12:33:41","3 days 26:31:05.454546"
919,"Tycoon Gathering","Games","4","12","103.88","12","2005-08-23 06:18:43","5 days 36:15:45"
920,"Unbreakable Karate","New","5","19","76.81","19","2005-08-22 18:48:48","5 days 16:44:09.473684"
921,"Uncut Suicides","Music","4","13","42.87","13","2005-08-23 05:04:33","6 days 12:41:36.923077"
922,"Undefeated Dalmations","Horror","7","19","102.81","19","2005-08-23 13:29:08","4 days 14:08:06.315789"
923,"Unfaithful Kill","Drama","3","8","26.92","8","2005-08-22 09:03:44","5 days 09:57:45"
924,"Unforgiven Zoolander","Sci-Fi","5","16","22.84","16","2005-08-21 23:33:57","4 days 28:08:30"
925,"United Pilot","Documentary","5","15","43.85","15","2005-08-21 21:50:51","4 days 15:44:12"
926,"Untouchables Sunrise","Documentary","2","7","28.93","6","2005-08-20 16:37:35","4 days 24:21:25.714285"
927,"Uprising Uptown","Action","4","13","45.87","13","2005-08-23 16:54:09","4 days 21:31:09.230769"
928,"Uptown Young","Children","3","10","29.90","10","2005-08-21 14:51:35","2 days 28:21:36"
929,"Usual Untouchables","Foreign","4","12","65.88","12","2005-08-23 16:08:15","3 days 15:02:00"
930,"Vacation Boondock","Sci-Fi","6","19","89.81","19","2005-08-23 11:40:30","4 days 19:58:56.842105"
931,"Valentine Vanishing","Travel","3","10","12.90","10","2005-08-19 07:47:43","4 days 32:05:54"
932,"Valley Packer","Comedy","4","12","49.88","12","2005-08-22 01:10:32","5 days 18:32:50"
933,"Vampire Whale","New","3","11","69.89","11","2005-08-22 01:52:26","4 days 11:58:21.818182"
934,"Vanilla Day","Games","3","9","52.91","9","2005-08-21 12:47:38","5 days 13:37:13.333333"
935,"Vanished Garden","New","2","7","14.94","7","2006-02-14 15:16:03","5 days 27:04:50"
936,"Vanishing Rocky","Music","6","17","80.83","17","2006-02-14 15:16:03","4 days 09:27:33.75"
937,"Varsity Trip","New","5","16","48.84","16","2006-02-14 15:16:03","3 days 25:16:52"
938,"Velvet Terminator","Comedy","6","23","152.77","23","2005-08-23 18:46:44","3 days 31:23:31.304348"
939,"Vertigo Northwest","Comedy","4","8","37.92","8","2005-08-23 15:38:34","4 days 20:38:07.5"
940,"Victory Academy","Sports","3","9","12.91","9","2005-08-22 23:18:10","3 days 26:00:20"
941,"Videotape Arsenic","Games","7","24","148.76","23","2005-08-22 15:29:15","3 days 34:43:40"
942,"Vietnam Smoochy","Drama","4","14","21.86","13","2005-08-21 19:54:11","4 days 24:17:34.285714"
944,"Virgin Daisy","Drama","5","16","86.84","15","2005-08-22 19:45:57","4 days 18:43:33.75"
945,"Virginian Pluto","Documentary","8","25","47.75","24","2006-02-14 15:16:03","4 days 14:49:40"
946,"Virtual Spoilers","Family","4","13","105.87","13","2005-08-23 13:22:56","5 days 24:12:18.461538"
947,"Vision Torque","Foreign","2","6","11.94","6","2005-08-22 16:35:47","3 days 37:57:00"
948,"Voice Peach","New","6","17","31.83","17","2005-08-23 04:33:23","4 days 25:18:21.176471"
949,"Volcano Texas","Games","6","19","32.81","19","2006-02-14 15:16:03","4 days 22:40:26.666667"
951,"Voyage Legally","Classics","7","25","42.75","24","2005-08-23 22:26:47","5 days 13:06:04.8"
952,"Wagon Jaws","Documentary","3","9","33.91","8","2005-08-21 12:10:41","6 days 12:25:40"
953,"Wait Cider","Animation","6","18","73.82","16","2005-08-23 14:07:56","5 days 24:08:56.666667"
956,"Wanda Chamber","Games","4","14","76.86","14","2006-02-14 15:16:03","4 days 38:07:00"
957,"War Notting","Foreign","5","12","65.88","12","2005-08-23 00:11:52","4 days 33:23:25"
958,"Wardrobe Phantom","Drama","6","23","80.77","23","2005-08-23 15:29:41","4 days 24:47:44.347827"
959,"Warlock Werewolf","Children","2","6","21.94","6","2005-08-19 13:12:28","3 days 29:35:10"
960,"Wars Pluto","Documentary","3","10","42.90","10","2005-08-22 10:34:39","5 days 12:34:36"
961,"Wash Heavenly","Foreign","5","20","104.80","19","2005-08-21 22:53:01","4 days 17:01:48"
962,"Wasteland Divine","Classics","4","12","40.88","12","2005-08-21 11:20:21","4 days 28:55:15"
963,"Watch Tracy","Animation","5","15","33.85","15","2005-08-22 17:48:28","4 days 21:41:00"
964,"Waterfront Deliverance","Action","5","16","116.84","16","2005-08-21 20:12:30","5 days 20:02:26.25"
965,"Watership Frontier","Horror","2","6","13.94","6","2005-08-22 11:48:19","5 days 25:31:30"
966,"Wedding Apollo","Documentary","6","21","71.79","20","2006-02-14 15:16:03","4 days 33:43:45"
967,"Weekend Personal","Sci-Fi","5","17","71.83","17","2005-08-22 23:35:41","4 days 26:33:42.352942"
968,"Werewolf Lola","Action","3","12","68.88","12","2005-08-23 20:00:30","4 days 27:40:30"
969,"West Lion","Drama","4","14","92.86","14","2005-08-22 07:51:47","4 days 24:58:42.857143"
970,"Westward Seabiscuit","Classics","7","25","36.75","24","2005-08-23 08:34:10","5 days 22:25:04.8"
971,"Whale Bikini","Foreign","4","15","113.85","15","2005-08-23 20:08:18","5 days 27:41:08"
972,"Whisperer Giant","Sci-Fi","6","20","141.80","18","2005-08-23 13:41:05","5 days 17:58:48"
973,"Wife Turn","Documentary","8","27","198.73","26","2005-08-23 14:47:26","4 days 24:29:44.444444"
974,"Wild Apollo","New","2","6","15.94","6","2006-02-14 15:16:03","4 days 24:58:12"
975,"Willow Tracy","Family","5","15","52.85","15","2005-08-23 10:11:40","4 days 27:31:36"
976,"Wind Phantom","Games","6","21","33.79","21","2005-08-23 02:39:56","4 days 13:30:25.714286"
977,"Window Side","Travel","3","11","50.89","11","2006-02-14 15:16:03","4 days 12:00:18"
978,"Wisdom Worker","Comedy","3","9","29.91","9","2005-08-21 03:40:40","4 days 25:02:06.666667"
979,"Witches Panic","Drama","7","25","146.75","23","2005-08-23 09:16:39","5 days 16:22:00"
980,"Wizard Coldblooded","Music","5","15","90.85","15","2005-08-23 10:32:52","3 days 21:25:36"
981,"Wolves Desire","Travel","6","21","24.79","21","2005-08-21 21:04:42","3 days 24:39:17.142857"
982,"Women Dorado","Action","7","20","38.81","20","2006-02-14 15:16:03","3 days 26:55:22.105263"
983,"Won Dares","Music","3","9","28.91","9","2005-08-23 01:44:43","4 days 27:23:53.333333"
984,"Wonderful Drop","Foreign","2","8","46.92","8","2005-08-22 21:24:19","5 days 16:13:00"
985,"Wonderland Christmas","Sci-Fi","7","21","142.79","20","2005-08-23 19:54:24","4 days 20:47:54.285714"
986,"Wonka Sea","Animation","6","18","66.82","18","2005-08-23 16:07:15","4 days 13:23:20"
987,"Words Hunter","Music","4","14","73.86","13","2005-08-22 18:59:01","4 days 20:52:17.142857"
988,"Worker Tarzan","Travel","5","14","47.86","14","2005-08-22 19:54:26","4 days 32:21:08.571428"
989,"Working Microcosmos","Travel","6","22","144.78","22","2005-08-23 02:06:01","4 days 26:30:38.181818"
990,"World Leathernecks","Horror","2","8","24.92","8","2006-02-14 15:16:03","4 days 26:32:00"
991,"Worst Banger","Action","5","15","66.85","15","2005-08-23 01:13:52","4 days 22:22:40"
992,"Wrath Mile","Documentary","4","13","22.87","13","2005-08-22 20:31:38","4 days 13:46:00"
993,"Wrong Behavior","Children","7","20","62.80","20","2005-08-23 18:54:07","3 days 32:53:54"
994,"Wyoming Storm","New","3","11","61.89","11","2005-08-23 18:31:40","3 days 29:00:54.545455"
995,"Yentl Idaho","Horror","6","21","122.79","20","2005-08-23 18:50:54","4 days 16:24:40"
996,"Young Language","Documentary","2","7","6.93","7","2005-08-23 01:50:31","4 days 14:59:08.571429"
997,"Youth Kick","Music","2","6","16.94","6","2005-08-18 17:31:36","4 days 37:30:40"
998,"Zhivago Core","Horror","2","7","10.93","7","2006-02-14 15:16:03","5 days 23:38:30"
999,"Zoolander Fiction","Children","5","15","66.85","15","2005-08-23 08:48:43","5 days 12:49:36"
1000,"Zorro Ark","Comedy","8","28","199.72","27","2005-08-23 17:56:01","4 days 21:07:17.142858"
